Handle,Title,Body (HTML),Vendor,Product Category,Type,Tags,Published,Option1 Name,Option1 Value,Option2 Name,Option2 Value,Variant SKU,Variant Grams,Variant Inventory Tracker,Variant Inventory Qty,Variant Inventory Policy,Variant Fulfillment Service,Variant Price,Variant Compare At Price,Variant Requires Shipping,Variant Taxable,Image Src,Image Position,Image Alt Text,Gift Card,SEO Title,SEO Description,Status,product.metafields.custom.material,product.metafields.custom.fit,product.metafields.custom.length,product.metafields.custom.model_height,product.metafields.custom.model_size,product.metafields.custom.fabric,product.metafields.custom.care,product.metafields.custom.season,product.metafields.custom.style,product.metafields.custom.occasion
minimal-kemer-detayli-krep-tesettur-elbise,Minimal Kemer Detaylı Krep Tesettür Elbise,"<p>İnce kemer çizgisi beli belirsiz toplar; krep düşüşü gün içinde sakin kalır.</p><h3>Ürün özellikleri</h3><ul><li>Rahat kalıp</li><li>Krep kumaş</li><li>İnce kemer detayı</li><li>Uzun kollu</li><li>Yan dikiş cepli</li></ul><p><strong>Kalıp:</strong> Rahat</p><p><strong>Kumaş:</strong> Krep</p><p><strong>Kullanım:</strong> Günlük</p><p><strong>Kombin önerisi:</strong> Aynı tonda bir krep şal ve düz bir düz taban yeter.</p><p><strong>Bakım:</strong> 30 derecede ters yıkayın. Ağartmayın. Düşük ısıda ütüleyin.</p><p><em>Demo Modest kataloğu için hazırlanmış DEMO üründür. Gerçek stok, gerçek marka veya gerçek satış verisi değildir.</em></p>",Demo Modest,Apparel & Accessories > Clothing > Dresses,Tesettür Elbise,"tesettur, elbise, kadin, minimal, gunluk, krep, rahat-kalip, yeni-sezon, bahar, yaz",TRUE,Renk,Siyah,Beden,36,ELB-001-SIY-36,480,shopify,0,deny,manual,1499.00,,TRUE,TRUE,,,Vizon kemer detaylı krep tesettür elbise,FALSE,Minimal Kemer Detaylı Krep Tesettür Elbise | Demo Modest,"Kemer çizgili krep tesettür elbiseyi günlük tempoya uygun, rahat kalıbıyla inceleyin. Demo Modest katalog kaydı. DEMO katalog kaydıdır; gerçek stok veya marka",active,%97 Polyester %3 Elastan,Rahat,138 cm,175 cm,38,Krep,30 derecede ters yıkayın. Ağartmayın. Düşük ısıda ütüleyin.,İlkbahar / Yaz,Minimal,Günlük
minimal-kemer-detayli-krep-tesettur-elbise,,,,,,,,Renk,Siyah,Beden,38,ELB-001-SIY-38,480,shopify,12,deny,manual,1499.00,,TRUE,TRUE,,,,,,,,,,,,,,,,,
minimal-kemer-detayli-krep-tesettur-elbise,,,,,,,,Renk,Siyah,Beden,40,ELB-001-SIY-40,480,shopify,12,deny,manual,1499.00,,TRUE,TRUE,,,,,,,,,,,,,,,,,
minimal-kemer-detayli-krep-tesettur-elbise,,,,,,,,Renk,Siyah,Beden,42,ELB-001-SIY-42,480,shopify,12,deny,manual,1499.00,,TRUE,TRUE,,,,,,,,,,,,,,,,,
minimal-kemer-detayli-krep-tesettur-elbise,,,,,,,,Renk,Siyah,Beden,44,ELB-001-SIY-44,480,shopify,12,deny,manual,1499.00,,TRUE,TRUE,,,,,,,,,,,,,,,,,
minimal-kemer-detayli-krep-tesettur-elbise,,,,,,,,Renk,Vizon,Beden,36,ELB-001-VIZ-36,480,shopify,12,deny,manual,1499.00,,TRUE,TRUE,,,,,,,,,,,,,,,,,
minimal-kemer-detayli-krep-tesettur-elbise,,,,,,,,Renk,Vizon,Beden,38,ELB-001-VIZ-38,480,shopify,12,deny,manual,1499.00,,TRUE,TRUE,,,,,,,,,,,,,,,,,
minimal-kemer-detayli-krep-tesettur-elbise,,,,,,,,Renk,Vizon,Beden,40,ELB-001-VIZ-40,480,shopify,12,deny,manual,1499.00,,TRUE,TRUE,,,,,,,,,,,,,,,,,
minimal-kemer-detayli-krep-tesettur-elbise,,,,,,,,Renk,Vizon,Beden,42,ELB-001-VIZ-42,480,shopify,12,deny,manual,1499.00,,TRUE,TRUE,,,,,,,,,,,,,,,,,
minimal-kemer-detayli-krep-tesettur-elbise,,,,,,,,Renk,Vizon,Beden,44,ELB-001-VIZ-44,480,shopify,12,deny,manual,1499.00,,TRUE,TRUE,,,,,,,,,,,,,,,,,
minimal-kemer-detayli-krep-tesettur-elbise,,,,,,,,Renk,Ekru,Beden,36,ELB-001-EKR-36,480,shopify,12,deny,manual,1499.00,,TRUE,TRUE,,,,,,,,,,,,,,,,,
minimal-kemer-detayli-krep-tesettur-elbise,,,,,,,,Renk,Ekru,Beden,38,ELB-001-EKR-38,480,shopify,12,deny,manual,1499.00,,TRUE,TRUE,,,,,,,,,,,,,,,,,
minimal-kemer-detayli-krep-tesettur-elbise,,,,,,,,Renk,Ekru,Beden,40,ELB-001-EKR-40,480,shopify,12,deny,manual,1499.00,,TRUE,TRUE,,,,,,,,,,,,,,,,,
minimal-kemer-detayli-krep-tesettur-elbise,,,,,,,,Renk,Ekru,Beden,42,ELB-001-EKR-42,480,shopify,12,deny,manual,1499.00,,TRUE,TRUE,,,,,,,,,,,,,,,,,
minimal-kemer-detayli-krep-tesettur-elbise,,,,,,,,Renk,Ekru,Beden,44,ELB-001-EKR-44,480,shopify,12,deny,manual,1499.00,,TRUE,TRUE,,,,,,,,,,,,,,,,,
relax-fit-aerobin-tesettur-elbise,Relax Fit Aerobin Tesettür Elbise,"<p>Aerobin akışkan durur; relax kesim yürüyüş ve oturuşta kumaşı sıkıştırmaz.</p><h3>Ürün özellikleri</h3><ul><li>Relax fit</li><li>Aerobin kumaş</li><li>Yuvarlak yaka</li><li>Midi boy</li><li>Gizli cep</li></ul><p><strong>Kalıp:</strong> Relax Fit</p><p><strong>Kumaş:</strong> Aerobin</p><p><strong>Kullanım:</strong> Günlük</p><p><strong>Kombin önerisi:</strong> Taş tonlarında ince bir eşarp ve düz sandalet ile tamamlanır.</p><p><strong>Bakım:</strong> 30 derecede yıkayın. Askıda kurutun.</p><p><em>Demo Modest kataloğu için hazırlanmış DEMO üründür. Gerçek stok, gerçek marka veya gerçek satış verisi değildir.</em></p>",Demo Modest,Apparel & Accessories > Clothing > Dresses,Tesettür Elbise,"tesettur, elbise, kadin, aerobin, relax-fit, gunluk, cok-satan, yaz",TRUE,Renk,Bej,Beden,36,ELB-002-BEJ-36,420,shopify,18,deny,manual,1699.00,,TRUE,TRUE,,,Bej relax fit aerobin tesettür elbise,FALSE,Relax Fit Aerobin Tesettür Elbise | Demo Modest Katalog,Hafif aerobin kumaşlı relax tesettür elbiseyi yazlık kombinler için inceleyin. Demo Modest DEMO kaydı. Tema testi için hazırlanmıştır; satış verisi içermez.,active,%100 Polyester,Relax Fit,128 cm,173 cm,36,Aerobin,30 derecede yıkayın. Askıda kurutun.,İlkbahar / Yaz,Salaş,Günlük
relax-fit-aerobin-tesettur-elbise,,,,,,,,Renk,Bej,Beden,38,ELB-002-BEJ-38,420,shopify,18,deny,manual,1699.00,,TRUE,TRUE,,,,,,,,,,,,,,,,,
relax-fit-aerobin-tesettur-elbise,,,,,,,,Renk,Bej,Beden,40,ELB-002-BEJ-40,420,shopify,18,deny,manual,1699.00,,TRUE,TRUE,,,,,,,,,,,,,,,,,
relax-fit-aerobin-tesettur-elbise,,,,,,,,Renk,Bej,Beden,42,ELB-002-BEJ-42,420,shopify,18,deny,manual,1699.00,,TRUE,TRUE,,,,,,,,,,,,,,,,,
relax-fit-aerobin-tesettur-elbise,,,,,,,,Renk,Bej,Beden,44,ELB-002-BEJ-44,420,shopify,18,deny,manual,1699.00,,TRUE,TRUE,,,,,,,,,,,,,,,,,
relax-fit-aerobin-tesettur-elbise,,,,,,,,Renk,Bej,Beden,46,ELB-002-BEJ-46,420,shopify,18,deny,manual,1699.00,,TRUE,TRUE,,,,,,,,,,,,,,,,,
relax-fit-aerobin-tesettur-elbise,,,,,,,,Renk,Taş,Beden,36,ELB-002-TAS-36,420,shopify,18,deny,manual,1699.00,,TRUE,TRUE,,,,,,,,,,,,,,,,,
relax-fit-aerobin-tesettur-elbise,,,,,,,,Renk,Taş,Beden,38,ELB-002-TAS-38,420,shopify,18,deny,manual,1699.00,,TRUE,TRUE,,,,,,,,,,,,,,,,,
relax-fit-aerobin-tesettur-elbise,,,,,,,,Renk,Taş,Beden,40,ELB-002-TAS-40,420,shopify,18,deny,manual,1699.00,,TRUE,TRUE,,,,,,,,,,,,,,,,,
relax-fit-aerobin-tesettur-elbise,,,,,,,,Renk,Taş,Beden,42,ELB-002-TAS-42,420,shopify,18,deny,manual,1699.00,,TRUE,TRUE,,,,,,,,,,,,,,,,,
relax-fit-aerobin-tesettur-elbise,,,,,,,,Renk,Taş,Beden,44,ELB-002-TAS-44,420,shopify,18,deny,manual,1699.00,,TRUE,TRUE,,,,,,,,,,,,,,,,,
relax-fit-aerobin-tesettur-elbise,,,,,,,,Renk,Taş,Beden,46,ELB-002-TAS-46,420,shopify,18,deny,manual,1699.00,,TRUE,TRUE,,,,,,,,,,,,,,,,,
relax-fit-aerobin-tesettur-elbise,,,,,,,,Renk,Adaçayı,Beden,36,ELB-002-ADA-36,420,shopify,18,deny,manual,1699.00,,TRUE,TRUE,,,,,,,,,,,,,,,,,
relax-fit-aerobin-tesettur-elbise,,,,,,,,Renk,Adaçayı,Beden,38,ELB-002-ADA-38,420,shopify,18,deny,manual,1699.00,,TRUE,TRUE,,,,,,,,,,,,,,,,,
relax-fit-aerobin-tesettur-elbise,,,,,,,,Renk,Adaçayı,Beden,40,ELB-002-ADA-40,420,shopify,18,deny,manual,1699.00,,TRUE,TRUE,,,,,,,,,,,,,,,,,
relax-fit-aerobin-tesettur-elbise,,,,,,,,Renk,Adaçayı,Beden,42,ELB-002-ADA-42,420,shopify,18,deny,manual,1699.00,,TRUE,TRUE,,,,,,,,,,,,,,,,,
relax-fit-aerobin-tesettur-elbise,,,,,,,,Renk,Adaçayı,Beden,44,ELB-002-ADA-44,420,shopify,18,deny,manual,1699.00,,TRUE,TRUE,,,,,,,,,,,,,,,,,
relax-fit-aerobin-tesettur-elbise,,,,,,,,Renk,Adaçayı,Beden,46,ELB-002-ADA-46,420,shopify,18,deny,manual,1699.00,,TRUE,TRUE,,,,,,,,,,,,,,,,,
asimetrik-kesim-viskon-tesettur-elbise,Asimetrik Kesim Viskon Tesettür Elbise,"<p>Asimetrik etek ucu hareketsiz durmaz; viskon yumuşak tutum verir.</p><h3>Ürün özellikleri</h3><ul><li>Asimetrik etek</li><li>Viskon karışım</li><li>Regular kalıp</li><li>Uzun kol</li><li>Astarlı etek</li></ul><p><strong>Kalıp:</strong> Regular</p><p><strong>Kumaş:</strong> Viskon</p><p><strong>Kullanım:</strong> Ofis / Davet</p><p><strong>Kombin önerisi:</strong> Lacivert şal ve sade bir trençkot ile ofis gününe taşınır.</p><p><strong>Bakım:</strong> Ters çevirerek soğuk yıkayın. Düşük ısıda ütüleyin.</p><p><em>Demo Modest kataloğu için hazırlanmış DEMO üründür. Gerçek stok, gerçek marka veya gerçek satış verisi değildir.</em></p>",Demo Modest,Apparel & Accessories > Clothing > Dresses,Tesettür Elbise,"tesettur, elbise, kadin, viskon, modern, ofis, indirim, sonbahar",TRUE,Renk,Lacivert,Beden,38,ELB-003-LAC-38,460,shopify,9,deny,manual,1899.00,2299.00,TRUE,TRUE,,,Lacivert asimetrik viskon tesettür elbise,FALSE,Asimetrik Kesim Viskon Tesettür Elbise | Demo Modest,"Asimetrik etekli viskon tesettür elbiseyi ofis ve davet kombinleri için inceleyin. DEMO fiyat, DEMO stok. Görseller sonradan eklenebilir; sahte görsel adresi",active,%95 Viskon %5 Elastan,Regular,134 cm,176 cm,40,Viskon,Ters çevirerek soğuk yıkayın. Düşük ısıda ütüleyin.,Sonbahar / Kış,Modern,Ofis / Davet
asimetrik-kesim-viskon-tesettur-elbise,,,,,,,,Renk,Lacivert,Beden,40,ELB-003-LAC-40,460,shopify,9,deny,manual,1899.00,2299.00,TRUE,TRUE,,,,,,,,,,,,,,,,,
asimetrik-kesim-viskon-tesettur-elbise,,,,,,,,Renk,Lacivert,Beden,42,ELB-003-LAC-42,460,shopify,9,deny,manual,1899.00,2299.00,TRUE,TRUE,,,,,,,,,,,,,,,,,
asimetrik-kesim-viskon-tesettur-elbise,,,,,,,,Renk,Lacivert,Beden,44,ELB-003-LAC-44,460,shopify,9,deny,manual,1899.00,2299.00,TRUE,TRUE,,,,,,,,,,,,,,,,,
asimetrik-kesim-viskon-tesettur-elbise,,,,,,,,Renk,Siyah,Beden,38,ELB-003-SIY-38,460,shopify,9,deny,manual,1899.00,2299.00,TRUE,TRUE,,,,,,,,,,,,,,,,,
asimetrik-kesim-viskon-tesettur-elbise,,,,,,,,Renk,Siyah,Beden,40,ELB-003-SIY-40,460,shopify,9,deny,manual,1899.00,2299.00,TRUE,TRUE,,,,,,,,,,,,,,,,,
asimetrik-kesim-viskon-tesettur-elbise,,,,,,,,Renk,Siyah,Beden,42,ELB-003-SIY-42,460,shopify,9,deny,manual,1899.00,2299.00,TRUE,TRUE,,,,,,,,,,,,,,,,,
asimetrik-kesim-viskon-tesettur-elbise,,,,,,,,Renk,Siyah,Beden,44,ELB-003-SIY-44,460,shopify,9,deny,manual,1899.00,2299.00,TRUE,TRUE,,,,,,,,,,,,,,,,,
duz-kesim-uzun-kollu-tesettur-elbise,Düz Kesim Uzun Kollu Tesettür Elbise,"<p>Düz kesim süs aramaz; uzun kol ve kapalı yaka günlük ritme uyar.</p><h3>Ürün özellikleri</h3><ul><li>Düz kesim</li><li>Kapalı yaka</li><li>Uzun kol</li><li>İki yan cep</li><li>Midi-uzun boy</li></ul><p><strong>Kalıp:</strong> Düz kesim</p><p><strong>Kumaş:</strong> Krep</p><p><strong>Kullanım:</strong> Günlük</p><p><strong>Kombin önerisi:</strong> Kahve şal ve düz bir pantolon yerine tek parça bırakın.</p><p><strong>Bakım:</strong> 30 derecede yıkayın. Yüksek ısıda ütülemeyin.</p><p><em>Demo Modest kataloğu için hazırlanmış DEMO üründür. Gerçek stok, gerçek marka veya gerçek satış verisi değildir.</em></p>",Demo Modest,Apparel & Accessories > Clothing > Dresses,Tesettür Elbise,"tesettur, elbise, kadin, sade, gunluk, krep, duz-kesim",TRUE,Renk,Kahve,Beden,36,ELB-004-KAH-36,500,shopify,10,deny,manual,1299.00,,TRUE,TRUE,,,Kahve düz kesim tesettür elbise,FALSE,Düz Kesim Uzun Kollu Tesettür Elbise | Demo Modest,Sade düz kesim tesettür elbiseyi günlük kullanım için inceleyin. Demo Modest DEMO ürünüdür. Fiyatlar DEMO birimdir; canlı pazar fiyatı değildir.,active,%100 Polyester,Düz kesim,136 cm,170 cm,40,Krep,30 derecede yıkayın. Yüksek ısıda ütülemeyin.,Dört mevsim,Sade,Günlük
duz-kesim-uzun-kollu-tesettur-elbise,,,,,,,,Renk,Kahve,Beden,38,ELB-004-KAH-38,500,shopify,10,deny,manual,1299.00,,TRUE,TRUE,,,,,,,,,,,,,,,,,
duz-kesim-uzun-kollu-tesettur-elbise,,,,,,,,Renk,Kahve,Beden,40,ELB-004-KAH-40,500,shopify,10,deny,manual,1299.00,,TRUE,TRUE,,,,,,,,,,,,,,,,,
duz-kesim-uzun-kollu-tesettur-elbise,,,,,,,,Renk,Kahve,Beden,42,ELB-004-KAH-42,500,shopify,10,deny,manual,1299.00,,TRUE,TRUE,,,,,,,,,,,,,,,,,
duz-kesim-uzun-kollu-tesettur-elbise,,,,,,,,Renk,Kahve,Beden,44,ELB-004-KAH-44,500,shopify,10,deny,manual,1299.00,,TRUE,TRUE,,,,,,,,,,,,,,,,,
duz-kesim-uzun-kollu-tesettur-elbise,,,,,,,,Renk,Kahve,Beden,46,ELB-004-KAH-46,500,shopify,10,deny,manual,1299.00,,TRUE,TRUE,,,,,,,,,,,,,,,,,
duz-kesim-uzun-kollu-tesettur-elbise,,,,,,,,Renk,Kahve,Beden,48,ELB-004-KAH-48,500,shopify,10,deny,manual,1299.00,,TRUE,TRUE,,,,,,,,,,,,,,,,,
duz-kesim-uzun-kollu-tesettur-elbise,,,,,,,,Renk,Antrasit,Beden,36,ELB-004-ANT-36,500,shopify,10,deny,manual,1299.00,,TRUE,TRUE,,,,,,,,,,,,,,,,,
duz-kesim-uzun-kollu-tesettur-elbise,,,,,,,,Renk,Antrasit,Beden,38,ELB-004-ANT-38,500,shopify,10,deny,manual,1299.00,,TRUE,TRUE,,,,,,,,,,,,,,,,,
duz-kesim-uzun-kollu-tesettur-elbise,,,,,,,,Renk,Antrasit,Beden,40,ELB-004-ANT-40,500,shopify,10,deny,manual,1299.00,,TRUE,TRUE,,,,,,,,,,,,,,,,,
duz-kesim-uzun-kollu-tesettur-elbise,,,,,,,,Renk,Antrasit,Beden,42,ELB-004-ANT-42,500,shopify,10,deny,manual,1299.00,,TRUE,TRUE,,,,,,,,,,,,,,,,,
duz-kesim-uzun-kollu-tesettur-elbise,,,,,,,,Renk,Antrasit,Beden,44,ELB-004-ANT-44,500,shopify,10,deny,manual,1299.00,,TRUE,TRUE,,,,,,,,,,,,,,,,,
duz-kesim-uzun-kollu-tesettur-elbise,,,,,,,,Renk,Antrasit,Beden,46,ELB-004-ANT-46,500,shopify,10,deny,manual,1299.00,,TRUE,TRUE,,,,,,,,,,,,,,,,,
duz-kesim-uzun-kollu-tesettur-elbise,,,,,,,,Renk,Antrasit,Beden,48,ELB-004-ANT-48,500,shopify,0,deny,manual,1299.00,,TRUE,TRUE,,,,,,,,,,,,,,,,,
oversize-cepli-keten-gorunumlu-tesettur-elbise,Oversize Cepli Keten Görünümlü Tesettür Elbise,"<p>Keten görünümü yazlık durur; oversize cep günlük eşyayı taşır.</p><h3>Ürün özellikleri</h3><ul><li>Oversize kalıp</li><li>Keten görünüm</li><li>Ön cep</li><li>Gömlek yaka</li><li>Diz altı</li></ul><p><strong>Kalıp:</strong> Oversize</p><p><strong>Kumaş:</strong> Keten görünüm</p><p><strong>Kullanım:</strong> Günlük / Seyahat</p><p><strong>Kombin önerisi:</strong> Ekru eşarp ve düz bir spor ayakkabı ile sade kalır.</p><p><strong>Bakım:</strong> Ters yıkayın. Askıda kurutun. Buharlı ütü tercih edin.</p><p><em>Demo Modest kataloğu için hazırlanmış DEMO üründür. Gerçek stok, gerçek marka veya gerçek satış verisi değildir.</em></p>",Demo Modest,Apparel & Accessories > Clothing > Dresses,Tesettür Elbise,"tesettur, elbise, kadin, oversize, keten-gorunum, gunluk, yaz",TRUE,Renk,Ekru,Beden,38,ELB-005-EKR-38,490,shopify,11,deny,manual,1599.00,,TRUE,TRUE,,,Ekru oversize keten görünümlü tesettür elbise,FALSE,Oversize Cepli Keten Görünümlü Tesettür Elbise | Demo Modest,Cepli oversize keten görünümlü tesettür elbiseyi yaz kombinleri için inceleyin. DEMO kayıttır. Varyant ve rozet davranışını denemek için kurgulanmıştır.,active,%80 Polyester %20 Viskon,Oversize,122 cm,174 cm,38,Keten görünüm,Ters yıkayın. Askıda kurutun. Buharlı ütü tercih edin.,İlkbahar / Yaz,Oversize,Günlük / Seyahat
oversize-cepli-keten-gorunumlu-tesettur-elbise,,,,,,,,Renk,Ekru,Beden,40,ELB-005-EKR-40,490,shopify,11,deny,manual,1599.00,,TRUE,TRUE,,,,,,,,,,,,,,,,,
oversize-cepli-keten-gorunumlu-tesettur-elbise,,,,,,,,Renk,Ekru,Beden,42,ELB-005-EKR-42,490,shopify,11,deny,manual,1599.00,,TRUE,TRUE,,,,,,,,,,,,,,,,,
oversize-cepli-keten-gorunumlu-tesettur-elbise,,,,,,,,Renk,Ekru,Beden,44,ELB-005-EKR-44,490,shopify,11,deny,manual,1599.00,,TRUE,TRUE,,,,,,,,,,,,,,,,,
oversize-cepli-keten-gorunumlu-tesettur-elbise,,,,,,,,Renk,Ekru,Beden,46,ELB-005-EKR-46,490,shopify,11,deny,manual,1599.00,,TRUE,TRUE,,,,,,,,,,,,,,,,,
oversize-cepli-keten-gorunumlu-tesettur-elbise,,,,,,,,Renk,Zeytin,Beden,38,ELB-005-ZEY-38,490,shopify,11,deny,manual,1599.00,,TRUE,TRUE,,,,,,,,,,,,,,,,,
oversize-cepli-keten-gorunumlu-tesettur-elbise,,,,,,,,Renk,Zeytin,Beden,40,ELB-005-ZEY-40,490,shopify,11,deny,manual,1599.00,,TRUE,TRUE,,,,,,,,,,,,,,,,,
oversize-cepli-keten-gorunumlu-tesettur-elbise,,,,,,,,Renk,Zeytin,Beden,42,ELB-005-ZEY-42,490,shopify,11,deny,manual,1599.00,,TRUE,TRUE,,,,,,,,,,,,,,,,,
oversize-cepli-keten-gorunumlu-tesettur-elbise,,,,,,,,Renk,Zeytin,Beden,44,ELB-005-ZEY-44,490,shopify,11,deny,manual,1599.00,,TRUE,TRUE,,,,,,,,,,,,,,,,,
oversize-cepli-keten-gorunumlu-tesettur-elbise,,,,,,,,Renk,Zeytin,Beden,46,ELB-005-ZEY-46,490,shopify,11,deny,manual,1599.00,,TRUE,TRUE,,,,,,,,,,,,,,,,,
oversize-cepli-keten-gorunumlu-tesettur-elbise,,,,,,,,Renk,Krem,Beden,38,ELB-005-KRE-38,490,shopify,11,deny,manual,1599.00,,TRUE,TRUE,,,,,,,,,,,,,,,,,
oversize-cepli-keten-gorunumlu-tesettur-elbise,,,,,,,,Renk,Krem,Beden,40,ELB-005-KRE-40,490,shopify,11,deny,manual,1599.00,,TRUE,TRUE,,,,,,,,,,,,,,,,,
oversize-cepli-keten-gorunumlu-tesettur-elbise,,,,,,,,Renk,Krem,Beden,42,ELB-005-KRE-42,490,shopify,11,deny,manual,1599.00,,TRUE,TRUE,,,,,,,,,,,,,,,,,
oversize-cepli-keten-gorunumlu-tesettur-elbise,,,,,,,,Renk,Krem,Beden,44,ELB-005-KRE-44,490,shopify,11,deny,manual,1599.00,,TRUE,TRUE,,,,,,,,,,,,,,,,,
oversize-cepli-keten-gorunumlu-tesettur-elbise,,,,,,,,Renk,Krem,Beden,46,ELB-005-KRE-46,490,shopify,11,deny,manual,1599.00,,TRUE,TRUE,,,,,,,,,,,,,,,,,
relax-fit-aerobin-tesettur-tunik,Relax Fit Aerobin Tesettür Tunik,"<p>Tunik boyu pantolon üstünü örter; aerobin terletmeden durur.</p><h3>Ürün özellikleri</h3><ul><li>Relax fit</li><li>Aerobin</li><li>Yan yırtmaç</li><li>Uzun kol</li><li>Yuvarlak yaka</li></ul><p><strong>Kalıp:</strong> Relax Fit</p><p><strong>Kumaş:</strong> Aerobin</p><p><strong>Kullanım:</strong> Günlük</p><p><strong>Kombin önerisi:</strong> Bol paça pantolon ve ince şal ile üçlü sakin bir hat verir.</p><p><strong>Bakım:</strong> 30 derecede yıkayın. Askıda kurutun.</p><p><em>Demo Modest kataloğu için hazırlanmış DEMO üründür. Gerçek stok, gerçek marka veya gerçek satış verisi değildir.</em></p>",Demo Modest,Apparel & Accessories > Clothing > Clothing Tops,Tesettür Tunik,"tesettur, tunik, kadin, aerobin, relax-fit, gunluk, yeni-sezon, yaz",TRUE,Renk,Ekru,Beden,36,TUN-001-EKR-36,340,shopify,14,deny,manual,1099.00,,TRUE,TRUE,,,Ekru relax fit aerobin tesettür tunik,FALSE,Relax Fit Aerobin Tesettür Tunik | Demo Modest Katalog,Pantolon üstüne oturan aerobin tesettür tuniği günlük kullanım için inceleyin. Demo Modest DEMO. DEMO katalog kaydıdır; gerçek stok veya marka ürünü değildir.,active,%100 Polyester,Relax Fit,98 cm,172 cm,38,Aerobin,30 derecede yıkayın. Askıda kurutun.,İlkbahar / Yaz,Minimal,Günlük
relax-fit-aerobin-tesettur-tunik,,,,,,,,Renk,Ekru,Beden,38,TUN-001-EKR-38,340,shopify,14,deny,manual,1099.00,,TRUE,TRUE,,,,,,,,,,,,,,,,,
relax-fit-aerobin-tesettur-tunik,,,,,,,,Renk,Ekru,Beden,40,TUN-001-EKR-40,340,shopify,14,deny,manual,1099.00,,TRUE,TRUE,,,,,,,,,,,,,,,,,
relax-fit-aerobin-tesettur-tunik,,,,,,,,Renk,Ekru,Beden,42,TUN-001-EKR-42,340,shopify,14,deny,manual,1099.00,,TRUE,TRUE,,,,,,,,,,,,,,,,,
relax-fit-aerobin-tesettur-tunik,,,,,,,,Renk,Ekru,Beden,44,TUN-001-EKR-44,340,shopify,14,deny,manual,1099.00,,TRUE,TRUE,,,,,,,,,,,,,,,,,
relax-fit-aerobin-tesettur-tunik,,,,,,,,Renk,Adaçayı,Beden,36,TUN-001-ADA-36,340,shopify,14,deny,manual,1099.00,,TRUE,TRUE,,,,,,,,,,,,,,,,,
relax-fit-aerobin-tesettur-tunik,,,,,,,,Renk,Adaçayı,Beden,38,TUN-001-ADA-38,340,shopify,14,deny,manual,1099.00,,TRUE,TRUE,,,,,,,,,,,,,,,,,
relax-fit-aerobin-tesettur-tunik,,,,,,,,Renk,Adaçayı,Beden,40,TUN-001-ADA-40,340,shopify,14,deny,manual,1099.00,,TRUE,TRUE,,,,,,,,,,,,,,,,,
relax-fit-aerobin-tesettur-tunik,,,,,,,,Renk,Adaçayı,Beden,42,TUN-001-ADA-42,340,shopify,14,deny,manual,1099.00,,TRUE,TRUE,,,,,,,,,,,,,,,,,
relax-fit-aerobin-tesettur-tunik,,,,,,,,Renk,Adaçayı,Beden,44,TUN-001-ADA-44,340,shopify,14,deny,manual,1099.00,,TRUE,TRUE,,,,,,,,,,,,,,,,,
relax-fit-aerobin-tesettur-tunik,,,,,,,,Renk,Sütlü Kahve,Beden,36,TUN-001-SUT-36,340,shopify,14,deny,manual,1099.00,,TRUE,TRUE,,,,,,,,,,,,,,,,,
relax-fit-aerobin-tesettur-tunik,,,,,,,,Renk,Sütlü Kahve,Beden,38,TUN-001-SUT-38,340,shopify,14,deny,manual,1099.00,,TRUE,TRUE,,,,,,,,,,,,,,,,,
relax-fit-aerobin-tesettur-tunik,,,,,,,,Renk,Sütlü Kahve,Beden,40,TUN-001-SUT-40,340,shopify,14,deny,manual,1099.00,,TRUE,TRUE,,,,,,,,,,,,,,,,,
relax-fit-aerobin-tesettur-tunik,,,,,,,,Renk,Sütlü Kahve,Beden,42,TUN-001-SUT-42,340,shopify,14,deny,manual,1099.00,,TRUE,TRUE,,,,,,,,,,,,,,,,,
relax-fit-aerobin-tesettur-tunik,,,,,,,,Renk,Sütlü Kahve,Beden,44,TUN-001-SUT-44,340,shopify,14,deny,manual,1099.00,,TRUE,TRUE,,,,,,,,,,,,,,,,,
minimal-yuvarlak-yaka-tesettur-tunik,Minimal Yuvarlak Yaka Tesettür Tunik,"<p>Yaka sade bırakıldı; krep yüzey ütü izini az gösterir.</p><h3>Ürün özellikleri</h3><ul><li>Yuvarlak yaka</li><li>Krep</li><li>Düz kesim</li><li>Uzun kol</li><li>Kalça üzeri boy</li></ul><p><strong>Kalıp:</strong> Regular</p><p><strong>Kumaş:</strong> Krep</p><p><strong>Kullanım:</strong> Günlük / Ofis</p><p><strong>Kombin önerisi:</strong> Palazzo pantolon veya düz etek üzerine tek parça kalabilir.</p><p><strong>Bakım:</strong> Ters yıkayın. Düşük ısıda ütüleyin.</p><p><em>Demo Modest kataloğu için hazırlanmış DEMO üründür. Gerçek stok, gerçek marka veya gerçek satış verisi değildir.</em></p>",Demo Modest,Apparel & Accessories > Clothing > Clothing Tops,Tesettür Tunik,"tesettur, tunik, kadin, minimal, krep, ofis, cok-satan",TRUE,Renk,Siyah,Beden,36,TUN-002-SIY-36,360,shopify,20,deny,manual,899.00,,TRUE,TRUE,,,Siyah yuvarlak yaka tesettür tunik,FALSE,Minimal Yuvarlak Yaka Tesettür Tunik | Demo Modest,Sade yuvarlak yakalı krep tesettür tuniği ofis ve günlük için inceleyin. DEMO üründür. Tema testi için hazırlanmıştır; satış verisi içermez.,active,%96 Polyester %4 Elastan,Regular,92 cm,168 cm,36,Krep,Ters yıkayın. Düşük ısıda ütüleyin.,Dört mevsim,Minimal,Günlük / Ofis
minimal-yuvarlak-yaka-tesettur-tunik,,,,,,,,Renk,Siyah,Beden,38,TUN-002-SIY-38,360,shopify,20,deny,manual,899.00,,TRUE,TRUE,,,,,,,,,,,,,,,,,
minimal-yuvarlak-yaka-tesettur-tunik,,,,,,,,Renk,Siyah,Beden,40,TUN-002-SIY-40,360,shopify,20,deny,manual,899.00,,TRUE,TRUE,,,,,,,,,,,,,,,,,
minimal-yuvarlak-yaka-tesettur-tunik,,,,,,,,Renk,Siyah,Beden,42,TUN-002-SIY-42,360,shopify,20,deny,manual,899.00,,TRUE,TRUE,,,,,,,,,,,,,,,,,
minimal-yuvarlak-yaka-tesettur-tunik,,,,,,,,Renk,Siyah,Beden,44,TUN-002-SIY-44,360,shopify,20,deny,manual,899.00,,TRUE,TRUE,,,,,,,,,,,,,,,,,
minimal-yuvarlak-yaka-tesettur-tunik,,,,,,,,Renk,Siyah,Beden,46,TUN-002-SIY-46,360,shopify,20,deny,manual,899.00,,TRUE,TRUE,,,,,,,,,,,,,,,,,
minimal-yuvarlak-yaka-tesettur-tunik,,,,,,,,Renk,Vizon,Beden,36,TUN-002-VIZ-36,360,shopify,20,deny,manual,899.00,,TRUE,TRUE,,,,,,,,,,,,,,,,,
minimal-yuvarlak-yaka-tesettur-tunik,,,,,,,,Renk,Vizon,Beden,38,TUN-002-VIZ-38,360,shopify,20,deny,manual,899.00,,TRUE,TRUE,,,,,,,,,,,,,,,,,
minimal-yuvarlak-yaka-tesettur-tunik,,,,,,,,Renk,Vizon,Beden,40,TUN-002-VIZ-40,360,shopify,20,deny,manual,899.00,,TRUE,TRUE,,,,,,,,,,,,,,,,,
minimal-yuvarlak-yaka-tesettur-tunik,,,,,,,,Renk,Vizon,Beden,42,TUN-002-VIZ-42,360,shopify,20,deny,manual,899.00,,TRUE,TRUE,,,,,,,,,,,,,,,,,
minimal-yuvarlak-yaka-tesettur-tunik,,,,,,,,Renk,Vizon,Beden,44,TUN-002-VIZ-44,360,shopify,20,deny,manual,899.00,,TRUE,TRUE,,,,,,,,,,,,,,,,,
minimal-yuvarlak-yaka-tesettur-tunik,,,,,,,,Renk,Vizon,Beden,46,TUN-002-VIZ-46,360,shopify,20,deny,manual,899.00,,TRUE,TRUE,,,,,,,,,,,,,,,,,
yirtmac-detayli-uzun-tesettur-tunik,Yırtmaç Detaylı Uzun Tesettür Tunik,"<p>Yan yırtmaç adımı rahatlatır; uzun boy pantolonu neredeyse örter.</p><h3>Ürün özellikleri</h3><ul><li>Uzun tunik boyu</li><li>Yan yırtmaç</li><li>Viskon</li><li>Rahat kalıp</li><li>Düşük omuz</li></ul><p><strong>Kalıp:</strong> Rahat</p><p><strong>Kumaş:</strong> Viskon</p><p><strong>Kullanım:</strong> Günlük</p><p><strong>Kombin önerisi:</strong> Dar paça yerine bol pantolon tercih edin; şalı düz bağlayın.</p><p><strong>Bakım:</strong> Soğuk yıkayın. Sıkmayın. Askıda kurutun.</p><p><em>Demo Modest kataloğu için hazırlanmış DEMO üründür. Gerçek stok, gerçek marka veya gerçek satış verisi değildir.</em></p>",Demo Modest,Apparel & Accessories > Clothing > Clothing Tops,Tesettür Tunik,"tesettur, tunik, kadin, uzun, viskon, salas, sinirli-stok, sonbahar",TRUE,Renk,Bordo,Beden,38,TUN-003-BOR-38,380,shopify,2,deny,manual,1199.00,,TRUE,TRUE,,,Bordo yırtmaçlı uzun tesettür tunik,FALSE,Yırtmaç Detaylı Uzun Tesettür Tunik | Demo Modest Katalog,Yan yırtmaçlı uzun tesettür tuniği sınırlı DEMO stokla inceleyin. Gerçek satış verisi yoktur. Görseller sonradan eklenebilir; sahte görsel adresi yoktur.,active,%100 Viskon,Rahat,108 cm,177 cm,40,Viskon,Soğuk yıkayın. Sıkmayın. Askıda kurutun.,Sonbahar,Salaş,Günlük
yirtmac-detayli-uzun-tesettur-tunik,,,,,,,,Renk,Bordo,Beden,40,TUN-003-BOR-40,380,shopify,2,deny,manual,1199.00,,TRUE,TRUE,,,,,,,,,,,,,,,,,
yirtmac-detayli-uzun-tesettur-tunik,,,,,,,,Renk,Bordo,Beden,42,TUN-003-BOR-42,380,shopify,2,deny,manual,1199.00,,TRUE,TRUE,,,,,,,,,,,,,,,,,
yirtmac-detayli-uzun-tesettur-tunik,,,,,,,,Renk,Bordo,Beden,44,TUN-003-BOR-44,380,shopify,2,deny,manual,1199.00,,TRUE,TRUE,,,,,,,,,,,,,,,,,
yirtmac-detayli-uzun-tesettur-tunik,,,,,,,,Renk,Lacivert,Beden,38,TUN-003-LAC-38,380,shopify,2,deny,manual,1199.00,,TRUE,TRUE,,,,,,,,,,,,,,,,,
yirtmac-detayli-uzun-tesettur-tunik,,,,,,,,Renk,Lacivert,Beden,40,TUN-003-LAC-40,380,shopify,2,deny,manual,1199.00,,TRUE,TRUE,,,,,,,,,,,,,,,,,
yirtmac-detayli-uzun-tesettur-tunik,,,,,,,,Renk,Lacivert,Beden,42,TUN-003-LAC-42,380,shopify,2,deny,manual,1199.00,,TRUE,TRUE,,,,,,,,,,,,,,,,,
yirtmac-detayli-uzun-tesettur-tunik,,,,,,,,Renk,Lacivert,Beden,44,TUN-003-LAC-44,380,shopify,2,deny,manual,1199.00,,TRUE,TRUE,,,,,,,,,,,,,,,,,
salas-kesim-viskon-tesettur-tunik,Salaş Kesim Viskon Tesettür Tunik,"<p>Salaş kesim beden harfini gevşetir; pudra tonu kumaşı yumuşak gösterir.</p><h3>Ürün özellikleri</h3><ul><li>Salaş kesim</li><li>Viskon</li><li>Düşük omuz</li><li>Uzun kol</li><li>Yarım pat</li></ul><p><strong>Kalıp:</strong> Salaş</p><p><strong>Kumaş:</strong> Viskon</p><p><strong>Kullanım:</strong> Günlük</p><p><strong>Kombin önerisi:</strong> Jile altına veya tek başına pantolonla kullanılabilir.</p><p><strong>Bakım:</strong> Hassas programda yıkayın. Sıkmayın.</p><p><em>Demo Modest kataloğu için hazırlanmış DEMO üründür. Gerçek stok, gerçek marka veya gerçek satış verisi değildir.</em></p>",Demo Modest,Apparel & Accessories > Clothing > Clothing Tops,Tesettür Tunik,"tesettur, tunik, kadin, salas, viskon, gunluk, yaz",TRUE,Renk,Pudra,Beden,S,TUN-004-PUD-S,350,shopify,0,deny,manual,999.00,,TRUE,TRUE,,,Pudra salaş viskon tesettür tunik,FALSE,Salaş Kesim Viskon Tesettür Tunik | Demo Modest Katalog,Salaş viskon tesettür tuniği S–XL beden aralığında inceleyin. Demo Modest DEMO kaydı. Fiyatlar DEMO birimdir; canlı pazar fiyatı değildir. İncelemeden önce,active,%95 Viskon %5 Elastan,Salaş,96 cm,171 cm,M,Viskon,Hassas programda yıkayın. Sıkmayın.,İlkbahar / Yaz,Salaş,Günlük
salas-kesim-viskon-tesettur-tunik,,,,,,,,Renk,Pudra,Beden,M,TUN-004-PUD-M,350,shopify,8,deny,manual,999.00,,TRUE,TRUE,,,,,,,,,,,,,,,,,
salas-kesim-viskon-tesettur-tunik,,,,,,,,Renk,Pudra,Beden,L,TUN-004-PUD-L,350,shopify,8,deny,manual,999.00,,TRUE,TRUE,,,,,,,,,,,,,,,,,
salas-kesim-viskon-tesettur-tunik,,,,,,,,Renk,Pudra,Beden,XL,TUN-004-PUD-XL,350,shopify,8,deny,manual,999.00,,TRUE,TRUE,,,,,,,,,,,,,,,,,
salas-kesim-viskon-tesettur-tunik,,,,,,,,Renk,Taş,Beden,S,TUN-004-TAS-S,350,shopify,8,deny,manual,999.00,,TRUE,TRUE,,,,,,,,,,,,,,,,,
salas-kesim-viskon-tesettur-tunik,,,,,,,,Renk,Taş,Beden,M,TUN-004-TAS-M,350,shopify,8,deny,manual,999.00,,TRUE,TRUE,,,,,,,,,,,,,,,,,
salas-kesim-viskon-tesettur-tunik,,,,,,,,Renk,Taş,Beden,L,TUN-004-TAS-L,350,shopify,8,deny,manual,999.00,,TRUE,TRUE,,,,,,,,,,,,,,,,,
salas-kesim-viskon-tesettur-tunik,,,,,,,,Renk,Taş,Beden,XL,TUN-004-TAS-XL,350,shopify,8,deny,manual,999.00,,TRUE,TRUE,,,,,,,,,,,,,,,,,
modern-palazzo-pantolonlu-tesettur-takim,Modern Palazzo Pantolonlu Tesettür Takım,"<p>Üst tunik ve palazzo pantolon aynı kumaştan; hat tek parça gibi okunur.</p><h3>Ürün özellikleri</h3><ul><li>İkili takım</li><li>Palazzo pantolon</li><li>Krep</li><li>Regular üst</li><li>Beli lastikli alt</li></ul><p><strong>Kalıp:</strong> Regular</p><p><strong>Kumaş:</strong> Krep</p><p><strong>Kullanım:</strong> Günlük / Ofis</p><p><strong>Kombin önerisi:</strong> Tek renk şal; çanta ve ayakkabıyı mat tutun.</p><p><strong>Bakım:</strong> Takımı ters çevirerek birlikte yıkayın.</p><p><em>Demo Modest kataloğu için hazırlanmış DEMO üründür. Gerçek stok, gerçek marka veya gerçek satış verisi değildir.</em></p>",Demo Modest,Apparel & Accessories > Clothing,Tesettür Takım,"tesettur, takim, kadin, palazzo, krep, modern, yeni-sezon, ofis",TRUE,Renk,Siyah,Beden,36,TAK-001-SIY-36,720,shopify,10,deny,manual,2199.00,,TRUE,TRUE,,,Vizon palazzo pantolonlu tesettür takım,FALSE,Modern Palazzo Pantolonlu Tesettür Takım | Demo Modest,"Tunik ve palazzo pantolondan oluşan krep tesettür takımı inceleyin. Dört renk, DEMO stok. Varyant ve rozet davranışını denemek için kurgulanmıştır.",active,%96 Polyester %4 Elastan,Regular,Üst 92 cm / Pantolon 108 cm,175 cm,38,Krep,Takımı ters çevirerek birlikte yıkayın.,İlkbahar / Yaz,Modern,Günlük / Ofis
modern-palazzo-pantolonlu-tesettur-takim,,,,,,,,Renk,Siyah,Beden,38,TAK-001-SIY-38,720,shopify,10,deny,manual,2199.00,,TRUE,TRUE,,,,,,,,,,,,,,,,,
modern-palazzo-pantolonlu-tesettur-takim,,,,,,,,Renk,Siyah,Beden,40,TAK-001-SIY-40,720,shopify,10,deny,manual,2199.00,,TRUE,TRUE,,,,,,,,,,,,,,,,,
modern-palazzo-pantolonlu-tesettur-takim,,,,,,,,Renk,Siyah,Beden,42,TAK-001-SIY-42,720,shopify,10,deny,manual,2199.00,,TRUE,TRUE,,,,,,,,,,,,,,,,,
modern-palazzo-pantolonlu-tesettur-takim,,,,,,,,Renk,Siyah,Beden,44,TAK-001-SIY-44,720,shopify,10,deny,manual,2199.00,,TRUE,TRUE,,,,,,,,,,,,,,,,,
modern-palazzo-pantolonlu-tesettur-takim,,,,,,,,Renk,Vizon,Beden,36,TAK-001-VIZ-36,720,shopify,10,deny,manual,2199.00,,TRUE,TRUE,,,,,,,,,,,,,,,,,
modern-palazzo-pantolonlu-tesettur-takim,,,,,,,,Renk,Vizon,Beden,38,TAK-001-VIZ-38,720,shopify,10,deny,manual,2199.00,,TRUE,TRUE,,,,,,,,,,,,,,,,,
modern-palazzo-pantolonlu-tesettur-takim,,,,,,,,Renk,Vizon,Beden,40,TAK-001-VIZ-40,720,shopify,10,deny,manual,2199.00,,TRUE,TRUE,,,,,,,,,,,,,,,,,
modern-palazzo-pantolonlu-tesettur-takim,,,,,,,,Renk,Vizon,Beden,42,TAK-001-VIZ-42,720,shopify,10,deny,manual,2199.00,,TRUE,TRUE,,,,,,,,,,,,,,,,,
modern-palazzo-pantolonlu-tesettur-takim,,,,,,,,Renk,Vizon,Beden,44,TAK-001-VIZ-44,720,shopify,10,deny,manual,2199.00,,TRUE,TRUE,,,,,,,,,,,,,,,,,
modern-palazzo-pantolonlu-tesettur-takim,,,,,,,,Renk,Ekru,Beden,36,TAK-001-EKR-36,720,shopify,10,deny,manual,2199.00,,TRUE,TRUE,,,,,,,,,,,,,,,,,
modern-palazzo-pantolonlu-tesettur-takim,,,,,,,,Renk,Ekru,Beden,38,TAK-001-EKR-38,720,shopify,10,deny,manual,2199.00,,TRUE,TRUE,,,,,,,,,,,,,,,,,
modern-palazzo-pantolonlu-tesettur-takim,,,,,,,,Renk,Ekru,Beden,40,TAK-001-EKR-40,720,shopify,10,deny,manual,2199.00,,TRUE,TRUE,,,,,,,,,,,,,,,,,
modern-palazzo-pantolonlu-tesettur-takim,,,,,,,,Renk,Ekru,Beden,42,TAK-001-EKR-42,720,shopify,10,deny,manual,2199.00,,TRUE,TRUE,,,,,,,,,,,,,,,,,
modern-palazzo-pantolonlu-tesettur-takim,,,,,,,,Renk,Ekru,Beden,44,TAK-001-EKR-44,720,shopify,10,deny,manual,2199.00,,TRUE,TRUE,,,,,,,,,,,,,,,,,
modern-palazzo-pantolonlu-tesettur-takim,,,,,,,,Renk,Antrasit,Beden,36,TAK-001-ANT-36,720,shopify,10,deny,manual,2199.00,,TRUE,TRUE,,,,,,,,,,,,,,,,,
modern-palazzo-pantolonlu-tesettur-takim,,,,,,,,Renk,Antrasit,Beden,38,TAK-001-ANT-38,720,shopify,10,deny,manual,2199.00,,TRUE,TRUE,,,,,,,,,,,,,,,,,
modern-palazzo-pantolonlu-tesettur-takim,,,,,,,,Renk,Antrasit,Beden,40,TAK-001-ANT-40,720,shopify,10,deny,manual,2199.00,,TRUE,TRUE,,,,,,,,,,,,,,,,,
modern-palazzo-pantolonlu-tesettur-takim,,,,,,,,Renk,Antrasit,Beden,42,TAK-001-ANT-42,720,shopify,10,deny,manual,2199.00,,TRUE,TRUE,,,,,,,,,,,,,,,,,
modern-palazzo-pantolonlu-tesettur-takim,,,,,,,,Renk,Antrasit,Beden,44,TAK-001-ANT-44,720,shopify,10,deny,manual,2199.00,,TRUE,TRUE,,,,,,,,,,,,,,,,,
regular-fit-krep-tesettur-takim,Regular Fit Krep Tesettür Takım,"<p>Regular üst omuzu doldurmaz; düz paça pantolon ayakkabıyı gizler.</p><h3>Ürün özellikleri</h3><ul><li>İkili takım</li><li>Regular fit</li><li>Krep</li><li>Düz paça</li><li>Gizli fermuar</li></ul><p><strong>Kalıp:</strong> Regular</p><p><strong>Kumaş:</strong> Krep</p><p><strong>Kullanım:</strong> Ofis</p><p><strong>Kombin önerisi:</strong> Aynı aileden bir ferace veya trençkot katman olur.</p><p><strong>Bakım:</strong> 30 derecede yıkayın. Düşük ısıda ütüleyin.</p><p><em>Demo Modest kataloğu için hazırlanmış DEMO üründür. Gerçek stok, gerçek marka veya gerçek satış verisi değildir.</em></p>",Demo Modest,Apparel & Accessories > Clothing,Tesettür Takım,"tesettur, takim, kadin, krep, regular, ofis, cok-satan",TRUE,Renk,Lacivert,Beden,36,TAK-002-LAC-36,700,shopify,16,deny,manual,1999.00,,TRUE,TRUE,,,Lacivert regular krep tesettür takım,FALSE,Regular Fit Krep Tesettür Takım | Demo Modest Katalog,Ofis temposuna uygun regular krep tesettür takımı inceleyin. Demo Modest DEMO üründür. DEMO katalog kaydıdır; gerçek stok veya marka ürünü değildir.,active,%97 Polyester %3 Elastan,Regular,Üst 90 cm / Pantolon 106 cm,173 cm,40,Krep,30 derecede yıkayın. Düşük ısıda ütüleyin.,Dört mevsim,Klasik,Ofis
regular-fit-krep-tesettur-takim,,,,,,,,Renk,Lacivert,Beden,38,TAK-002-LAC-38,700,shopify,16,deny,manual,1999.00,,TRUE,TRUE,,,,,,,,,,,,,,,,,
regular-fit-krep-tesettur-takim,,,,,,,,Renk,Lacivert,Beden,40,TAK-002-LAC-40,700,shopify,16,deny,manual,1999.00,,TRUE,TRUE,,,,,,,,,,,,,,,,,
regular-fit-krep-tesettur-takim,,,,,,,,Renk,Lacivert,Beden,42,TAK-002-LAC-42,700,shopify,16,deny,manual,1999.00,,TRUE,TRUE,,,,,,,,,,,,,,,,,
regular-fit-krep-tesettur-takim,,,,,,,,Renk,Lacivert,Beden,44,TAK-002-LAC-44,700,shopify,16,deny,manual,1999.00,,TRUE,TRUE,,,,,,,,,,,,,,,,,
regular-fit-krep-tesettur-takim,,,,,,,,Renk,Lacivert,Beden,46,TAK-002-LAC-46,700,shopify,16,deny,manual,1999.00,,TRUE,TRUE,,,,,,,,,,,,,,,,,
regular-fit-krep-tesettur-takim,,,,,,,,Renk,Kahve,Beden,36,TAK-002-KAH-36,700,shopify,16,deny,manual,1999.00,,TRUE,TRUE,,,,,,,,,,,,,,,,,
regular-fit-krep-tesettur-takim,,,,,,,,Renk,Kahve,Beden,38,TAK-002-KAH-38,700,shopify,16,deny,manual,1999.00,,TRUE,TRUE,,,,,,,,,,,,,,,,,
regular-fit-krep-tesettur-takim,,,,,,,,Renk,Kahve,Beden,40,TAK-002-KAH-40,700,shopify,16,deny,manual,1999.00,,TRUE,TRUE,,,,,,,,,,,,,,,,,
regular-fit-krep-tesettur-takim,,,,,,,,Renk,Kahve,Beden,42,TAK-002-KAH-42,700,shopify,16,deny,manual,1999.00,,TRUE,TRUE,,,,,,,,,,,,,,,,,
regular-fit-krep-tesettur-takim,,,,,,,,Renk,Kahve,Beden,44,TAK-002-KAH-44,700,shopify,16,deny,manual,1999.00,,TRUE,TRUE,,,,,,,,,,,,,,,,,
regular-fit-krep-tesettur-takim,,,,,,,,Renk,Kahve,Beden,46,TAK-002-KAH-46,700,shopify,0,deny,manual,1999.00,,TRUE,TRUE,,,,,,,,,,,,,,,,,
soft-dokulu-gunluk-tesettur-takim,Soft Dokulu Günlük Tesettür Takım,"<p>Yumuşak doku evden çıkışta sert durmaz; takım tek karar verir.</p><h3>Ürün özellikleri</h3><ul><li>İkili takım</li><li>Soft doku</li><li>Rahat kalıp</li><li>Beli lastik</li><li>Yuvarlak yaka üst</li></ul><p><strong>Kalıp:</strong> Rahat</p><p><strong>Kumaş:</strong> Viskon karışım</p><p><strong>Kullanım:</strong> Günlük</p><p><strong>Kombin önerisi:</strong> Ekru şal ve düz taban; takımı ayırmadan giyin.</p><p><strong>Bakım:</strong> Hassas yıkayın. Kurutma makinesi kullanmayın.</p><p><em>Demo Modest kataloğu için hazırlanmış DEMO üründür. Gerçek stok, gerçek marka veya gerçek satış verisi değildir.</em></p>",Demo Modest,Apparel & Accessories > Clothing,Tesettür Takım,"tesettur, takim, kadin, gunluk, viskon, rahat-kalip, indirim, yaz",TRUE,Renk,Bej,Beden,38,TAK-003-BEJ-38,680,shopify,7,deny,manual,1699.00,2099.00,TRUE,TRUE,,,Bej soft dokulu tesettür takım,FALSE,Soft Dokulu Günlük Tesettür Takım | Demo Modest Katalog,Yumuşak viskon karışımlı günlük tesettür takımı indirimli DEMO fiyatla inceleyin. Tema testi için hazırlanmıştır; satış verisi içermez. İncelemeden önce beden,active,%70 Viskon %30 Polyester,Rahat,Üst 88 cm / Pantolon 104 cm,169 cm,38,Viskon karışım,Hassas yıkayın. Kurutma makinesi kullanmayın.,İlkbahar / Yaz,Günlük,Günlük
soft-dokulu-gunluk-tesettur-takim,,,,,,,,Renk,Bej,Beden,40,TAK-003-BEJ-40,680,shopify,7,deny,manual,1699.00,2099.00,TRUE,TRUE,,,,,,,,,,,,,,,,,
soft-dokulu-gunluk-tesettur-takim,,,,,,,,Renk,Bej,Beden,42,TAK-003-BEJ-42,680,shopify,7,deny,manual,1699.00,2099.00,TRUE,TRUE,,,,,,,,,,,,,,,,,
soft-dokulu-gunluk-tesettur-takim,,,,,,,,Renk,Bej,Beden,44,TAK-003-BEJ-44,680,shopify,7,deny,manual,1699.00,2099.00,TRUE,TRUE,,,,,,,,,,,,,,,,,
soft-dokulu-gunluk-tesettur-takim,,,,,,,,Renk,Sütlü Kahve,Beden,38,TAK-003-SUT-38,680,shopify,7,deny,manual,1699.00,2099.00,TRUE,TRUE,,,,,,,,,,,,,,,,,
soft-dokulu-gunluk-tesettur-takim,,,,,,,,Renk,Sütlü Kahve,Beden,40,TAK-003-SUT-40,680,shopify,7,deny,manual,1699.00,2099.00,TRUE,TRUE,,,,,,,,,,,,,,,,,
soft-dokulu-gunluk-tesettur-takim,,,,,,,,Renk,Sütlü Kahve,Beden,42,TAK-003-SUT-42,680,shopify,7,deny,manual,1699.00,2099.00,TRUE,TRUE,,,,,,,,,,,,,,,,,
soft-dokulu-gunluk-tesettur-takim,,,,,,,,Renk,Sütlü Kahve,Beden,44,TAK-003-SUT-44,680,shopify,7,deny,manual,1699.00,2099.00,TRUE,TRUE,,,,,,,,,,,,,,,,,
oversize-gomlek-pantolon-tesettur-takim,Oversize Gömlek Pantolon Tesettür Takım,"<p>Gömlek tunik oversize durur; pantolon beli gömlek altına gizlenir.</p><h3>Ürün özellikleri</h3><ul><li>Gömlek üst</li><li>Oversize</li><li>Keten görünüm</li><li>Düz pantolon</li><li>Ahşap düğme görünümü</li></ul><p><strong>Kalıp:</strong> Oversize</p><p><strong>Kumaş:</strong> Keten görünüm</p><p><strong>Kullanım:</strong> Günlük / Seyahat</p><p><strong>Kombin önerisi:</strong> Jile yerine gömleği dışarıda bırakın; şalı ince tutun.</p><p><strong>Bakım:</strong> Askıda kurutun. Buhar verin.</p><p><em>Demo Modest kataloğu için hazırlanmış DEMO üründür. Gerçek stok, gerçek marka veya gerçek satış verisi değildir.</em></p>",Demo Modest,Apparel & Accessories > Clothing,Tesettür Takım,"tesettur, takim, kadin, oversize, gomlek, keten-gorunum, yaz",TRUE,Renk,Zeytin,Beden,S,TAK-004-ZEY-S,740,shopify,9,deny,manual,1899.00,,TRUE,TRUE,,,Zeytin oversize gömlek tesettür takım,FALSE,Oversize Gömlek Pantolon Tesettür Takım | Demo Modest,Gömlek ve pantolondan oversize tesettür takımı S–XXL aralığında inceleyin. DEMO kayıttır. Görseller sonradan eklenebilir; sahte görsel adresi yoktur.,active,%80 Polyester %20 Viskon,Oversize,Üst 100 cm / Pantolon 105 cm,178 cm,M,Keten görünüm,Askıda kurutun. Buhar verin.,İlkbahar / Yaz,Oversize,Günlük / Seyahat
oversize-gomlek-pantolon-tesettur-takim,,,,,,,,Renk,Zeytin,Beden,M,TAK-004-ZEY-M,740,shopify,9,deny,manual,1899.00,,TRUE,TRUE,,,,,,,,,,,,,,,,,
oversize-gomlek-pantolon-tesettur-takim,,,,,,,,Renk,Zeytin,Beden,L,TAK-004-ZEY-L,740,shopify,9,deny,manual,1899.00,,TRUE,TRUE,,,,,,,,,,,,,,,,,
oversize-gomlek-pantolon-tesettur-takim,,,,,,,,Renk,Zeytin,Beden,XL,TAK-004-ZEY-XL,740,shopify,9,deny,manual,1899.00,,TRUE,TRUE,,,,,,,,,,,,,,,,,
oversize-gomlek-pantolon-tesettur-takim,,,,,,,,Renk,Zeytin,Beden,XXL,TAK-004-ZEY-XXL,740,shopify,0,deny,manual,1899.00,,TRUE,TRUE,,,,,,,,,,,,,,,,,
oversize-gomlek-pantolon-tesettur-takim,,,,,,,,Renk,Taş,Beden,S,TAK-004-TAS-S,740,shopify,9,deny,manual,1899.00,,TRUE,TRUE,,,,,,,,,,,,,,,,,
oversize-gomlek-pantolon-tesettur-takim,,,,,,,,Renk,Taş,Beden,M,TAK-004-TAS-M,740,shopify,9,deny,manual,1899.00,,TRUE,TRUE,,,,,,,,,,,,,,,,,
oversize-gomlek-pantolon-tesettur-takim,,,,,,,,Renk,Taş,Beden,L,TAK-004-TAS-L,740,shopify,9,deny,manual,1899.00,,TRUE,TRUE,,,,,,,,,,,,,,,,,
oversize-gomlek-pantolon-tesettur-takim,,,,,,,,Renk,Taş,Beden,XL,TAK-004-TAS-XL,740,shopify,9,deny,manual,1899.00,,TRUE,TRUE,,,,,,,,,,,,,,,,,
oversize-gomlek-pantolon-tesettur-takim,,,,,,,,Renk,Taş,Beden,XXL,TAK-004-TAS-XXL,740,shopify,9,deny,manual,1899.00,,TRUE,TRUE,,,,,,,,,,,,,,,,,
bol-paca-krep-tesettur-pantolon,Bol Paça Krep Tesettür Pantolon,"<p>Bol paça adımı gizler; krep kırışmayı azaltır.</p><h3>Ürün özellikleri</h3><ul><li>Bol paça</li><li>Krep</li><li>Yüksek bel</li><li>Yan cep</li><li>Beli lastik arkası</li></ul><p><strong>Kalıp:</strong> Bol paça</p><p><strong>Kumaş:</strong> Krep</p><p><strong>Kullanım:</strong> Günlük</p><p><strong>Kombin önerisi:</strong> Uzun tunik veya kısa bir jile ile orantı kurulur.</p><p><strong>Bakım:</strong> Ters yıkayın. Düşük ısıda ütüleyin.</p><p><em>Demo Modest kataloğu için hazırlanmış DEMO üründür. Gerçek stok, gerçek marka veya gerçek satış verisi değildir.</em></p>",Demo Modest,Apparel & Accessories > Clothing > Pants,Tesettür Pantolon,"tesettur, pantolon, kadin, bol-paca, krep, gunluk, cok-satan",TRUE,Renk,Siyah,Beden,36,PAN-001-SIY-36,390,shopify,22,deny,manual,899.00,,TRUE,TRUE,,,Vizon bol paça tesettür pantolon,FALSE,Bol Paça Krep Tesettür Pantolon | Demo Modest Katalog,Yüksek bel bol paça krep tesettür pantolonu günlük kombinler için inceleyin. DEMO üründür. Fiyatlar DEMO birimdir; canlı pazar fiyatı değildir.,active,%96 Polyester %4 Elastan,Bol paça,108 cm,175 cm,38,Krep,Ters yıkayın. Düşük ısıda ütüleyin.,Dört mevsim,Günlük,Günlük
bol-paca-krep-tesettur-pantolon,,,,,,,,Renk,Siyah,Beden,38,PAN-001-SIY-38,390,shopify,22,deny,manual,899.00,,TRUE,TRUE,,,,,,,,,,,,,,,,,
bol-paca-krep-tesettur-pantolon,,,,,,,,Renk,Siyah,Beden,40,PAN-001-SIY-40,390,shopify,22,deny,manual,899.00,,TRUE,TRUE,,,,,,,,,,,,,,,,,
bol-paca-krep-tesettur-pantolon,,,,,,,,Renk,Siyah,Beden,42,PAN-001-SIY-42,390,shopify,22,deny,manual,899.00,,TRUE,TRUE,,,,,,,,,,,,,,,,,
bol-paca-krep-tesettur-pantolon,,,,,,,,Renk,Siyah,Beden,44,PAN-001-SIY-44,390,shopify,22,deny,manual,899.00,,TRUE,TRUE,,,,,,,,,,,,,,,,,
bol-paca-krep-tesettur-pantolon,,,,,,,,Renk,Siyah,Beden,46,PAN-001-SIY-46,390,shopify,22,deny,manual,899.00,,TRUE,TRUE,,,,,,,,,,,,,,,,,
bol-paca-krep-tesettur-pantolon,,,,,,,,Renk,Vizon,Beden,36,PAN-001-VIZ-36,390,shopify,22,deny,manual,899.00,,TRUE,TRUE,,,,,,,,,,,,,,,,,
bol-paca-krep-tesettur-pantolon,,,,,,,,Renk,Vizon,Beden,38,PAN-001-VIZ-38,390,shopify,22,deny,manual,899.00,,TRUE,TRUE,,,,,,,,,,,,,,,,,
bol-paca-krep-tesettur-pantolon,,,,,,,,Renk,Vizon,Beden,40,PAN-001-VIZ-40,390,shopify,22,deny,manual,899.00,,TRUE,TRUE,,,,,,,,,,,,,,,,,
bol-paca-krep-tesettur-pantolon,,,,,,,,Renk,Vizon,Beden,42,PAN-001-VIZ-42,390,shopify,22,deny,manual,899.00,,TRUE,TRUE,,,,,,,,,,,,,,,,,
bol-paca-krep-tesettur-pantolon,,,,,,,,Renk,Vizon,Beden,44,PAN-001-VIZ-44,390,shopify,22,deny,manual,899.00,,TRUE,TRUE,,,,,,,,,,,,,,,,,
bol-paca-krep-tesettur-pantolon,,,,,,,,Renk,Vizon,Beden,46,PAN-001-VIZ-46,390,shopify,22,deny,manual,899.00,,TRUE,TRUE,,,,,,,,,,,,,,,,,
bol-paca-krep-tesettur-pantolon,,,,,,,,Renk,Taş,Beden,36,PAN-001-TAS-36,390,shopify,22,deny,manual,899.00,,TRUE,TRUE,,,,,,,,,,,,,,,,,
bol-paca-krep-tesettur-pantolon,,,,,,,,Renk,Taş,Beden,38,PAN-001-TAS-38,390,shopify,22,deny,manual,899.00,,TRUE,TRUE,,,,,,,,,,,,,,,,,
bol-paca-krep-tesettur-pantolon,,,,,,,,Renk,Taş,Beden,40,PAN-001-TAS-40,390,shopify,22,deny,manual,899.00,,TRUE,TRUE,,,,,,,,,,,,,,,,,
bol-paca-krep-tesettur-pantolon,,,,,,,,Renk,Taş,Beden,42,PAN-001-TAS-42,390,shopify,22,deny,manual,899.00,,TRUE,TRUE,,,,,,,,,,,,,,,,,
bol-paca-krep-tesettur-pantolon,,,,,,,,Renk,Taş,Beden,44,PAN-001-TAS-44,390,shopify,22,deny,manual,899.00,,TRUE,TRUE,,,,,,,,,,,,,,,,,
bol-paca-krep-tesettur-pantolon,,,,,,,,Renk,Taş,Beden,46,PAN-001-TAS-46,390,shopify,22,deny,manual,899.00,,TRUE,TRUE,,,,,,,,,,,,,,,,,
yuksek-bel-palazzo-tesettur-pantolon,Yüksek Bel Palazzo Tesettür Pantolon,"<p>Palazzo genişliği ayakkabıyı örter; yüksek bel tuniği içine almaz.</p><h3>Ürün özellikleri</h3><ul><li>Palazzo</li><li>Yüksek bel</li><li>Aerobin</li><li>Fermuarlı bel</li><li>Ütü çizgisi yok</li></ul><p><strong>Kalıp:</strong> Palazzo</p><p><strong>Kumaş:</strong> Aerobin</p><p><strong>Kullanım:</strong> Günlük / Ofis</p><p><strong>Kombin önerisi:</strong> Dar kesim tunik veya kısa gömlek üst ile dengeleyin.</p><p><strong>Bakım:</strong> Askıda kurutun. Buharlı ütü.</p><p><em>Demo Modest kataloğu için hazırlanmış DEMO üründür. Gerçek stok, gerçek marka veya gerçek satış verisi değildir.</em></p>",Demo Modest,Apparel & Accessories > Clothing > Pants,Tesettür Pantolon,"tesettur, pantolon, kadin, palazzo, aerobin, indirim, yaz",TRUE,Renk,Ekru,Beden,36,PAN-002-EKR-36,400,shopify,8,deny,manual,999.00,1299.00,TRUE,TRUE,,,Ekru yüksek bel palazzo tesettür pantolon,FALSE,Yüksek Bel Palazzo Tesettür Pantolon | Demo Modest,Aerobin palazzo tesettür pantolonu indirimli DEMO fiyatla inceleyin. Gerçek kampanya değildir. Varyant ve rozet davranışını denemek için kurgulanmıştır.,active,%100 Polyester,Palazzo,110 cm,176 cm,36,Aerobin,Askıda kurutun. Buharlı ütü.,İlkbahar / Yaz,Modern,Günlük / Ofis
yuksek-bel-palazzo-tesettur-pantolon,,,,,,,,Renk,Ekru,Beden,38,PAN-002-EKR-38,400,shopify,8,deny,manual,999.00,1299.00,TRUE,TRUE,,,,,,,,,,,,,,,,,
yuksek-bel-palazzo-tesettur-pantolon,,,,,,,,Renk,Ekru,Beden,40,PAN-002-EKR-40,400,shopify,8,deny,manual,999.00,1299.00,TRUE,TRUE,,,,,,,,,,,,,,,,,
yuksek-bel-palazzo-tesettur-pantolon,,,,,,,,Renk,Ekru,Beden,42,PAN-002-EKR-42,400,shopify,8,deny,manual,999.00,1299.00,TRUE,TRUE,,,,,,,,,,,,,,,,,
yuksek-bel-palazzo-tesettur-pantolon,,,,,,,,Renk,Ekru,Beden,44,PAN-002-EKR-44,400,shopify,8,deny,manual,999.00,1299.00,TRUE,TRUE,,,,,,,,,,,,,,,,,
yuksek-bel-palazzo-tesettur-pantolon,,,,,,,,Renk,Siyah,Beden,36,PAN-002-SIY-36,400,shopify,8,deny,manual,999.00,1299.00,TRUE,TRUE,,,,,,,,,,,,,,,,,
yuksek-bel-palazzo-tesettur-pantolon,,,,,,,,Renk,Siyah,Beden,38,PAN-002-SIY-38,400,shopify,8,deny,manual,999.00,1299.00,TRUE,TRUE,,,,,,,,,,,,,,,,,
yuksek-bel-palazzo-tesettur-pantolon,,,,,,,,Renk,Siyah,Beden,40,PAN-002-SIY-40,400,shopify,8,deny,manual,999.00,1299.00,TRUE,TRUE,,,,,,,,,,,,,,,,,
yuksek-bel-palazzo-tesettur-pantolon,,,,,,,,Renk,Siyah,Beden,42,PAN-002-SIY-42,400,shopify,8,deny,manual,999.00,1299.00,TRUE,TRUE,,,,,,,,,,,,,,,,,
yuksek-bel-palazzo-tesettur-pantolon,,,,,,,,Renk,Siyah,Beden,44,PAN-002-SIY-44,400,shopify,8,deny,manual,999.00,1299.00,TRUE,TRUE,,,,,,,,,,,,,,,,,
beli-lastikli-relax-fit-tesettur-pantolon,Relax Fit Beli Lastikli Tesettür Pantolon,"<p>Lastik bel oturuşu sıkmaz; relax paça ev ve yolculukta durur.</p><h3>Ürün özellikleri</h3><ul><li>Beli lastikli</li><li>Relax fit</li><li>Viskon karışım</li><li>İki cep</li><li>Büyük beden aralığı</li></ul><p><strong>Kalıp:</strong> Relax Fit</p><p><strong>Kumaş:</strong> Viskon karışım</p><p><strong>Kullanım:</strong> Günlük</p><p><strong>Kombin önerisi:</strong> Oversize tunik veya uzun tshirt yerine kapalı yaka tunik seçin.</p><p><strong>Bakım:</strong> 30 derecede yıkayın. Sıkmayın.</p><p><em>Demo Modest kataloğu için hazırlanmış DEMO üründür. Gerçek stok, gerçek marka veya gerçek satış verisi değildir.</em></p>",Demo Modest,Apparel & Accessories > Clothing > Pants,Tesettür Pantolon,"tesettur, pantolon, kadin, relax-fit, lastik-bel, gunluk, buyuk-beden",TRUE,Renk,Antrasit,Beden,38,PAN-003-ANT-38,370,shopify,13,deny,manual,799.00,,TRUE,TRUE,,,Antrasit beli lastikli tesettür pantolon,FALSE,Relax Fit Beli Lastikli Tesettür Pantolon | Demo Modest,Lastik bel relax tesettür pantolonu 38–50 beden DEMO aralığında inceleyin. DEMO katalog kaydıdır; gerçek stok veya marka ürünü değildir. İncelemeden önce beden,active,%70 Viskon %30 Polyester,Relax Fit,104 cm,167 cm,42,Viskon karışım,30 derecede yıkayın. Sıkmayın.,Dört mevsim,Rahat,Günlük
beli-lastikli-relax-fit-tesettur-pantolon,,,,,,,,Renk,Antrasit,Beden,40,PAN-003-ANT-40,370,shopify,13,deny,manual,799.00,,TRUE,TRUE,,,,,,,,,,,,,,,,,
beli-lastikli-relax-fit-tesettur-pantolon,,,,,,,,Renk,Antrasit,Beden,42,PAN-003-ANT-42,370,shopify,13,deny,manual,799.00,,TRUE,TRUE,,,,,,,,,,,,,,,,,
beli-lastikli-relax-fit-tesettur-pantolon,,,,,,,,Renk,Antrasit,Beden,44,PAN-003-ANT-44,370,shopify,13,deny,manual,799.00,,TRUE,TRUE,,,,,,,,,,,,,,,,,
beli-lastikli-relax-fit-tesettur-pantolon,,,,,,,,Renk,Antrasit,Beden,46,PAN-003-ANT-46,370,shopify,13,deny,manual,799.00,,TRUE,TRUE,,,,,,,,,,,,,,,,,
beli-lastikli-relax-fit-tesettur-pantolon,,,,,,,,Renk,Antrasit,Beden,48,PAN-003-ANT-48,370,shopify,13,deny,manual,799.00,,TRUE,TRUE,,,,,,,,,,,,,,,,,
beli-lastikli-relax-fit-tesettur-pantolon,,,,,,,,Renk,Antrasit,Beden,50,PAN-003-ANT-50,370,shopify,13,deny,manual,799.00,,TRUE,TRUE,,,,,,,,,,,,,,,,,
beli-lastikli-relax-fit-tesettur-pantolon,,,,,,,,Renk,Camel,Beden,38,PAN-003-CAM-38,370,shopify,13,deny,manual,799.00,,TRUE,TRUE,,,,,,,,,,,,,,,,,
beli-lastikli-relax-fit-tesettur-pantolon,,,,,,,,Renk,Camel,Beden,40,PAN-003-CAM-40,370,shopify,13,deny,manual,799.00,,TRUE,TRUE,,,,,,,,,,,,,,,,,
beli-lastikli-relax-fit-tesettur-pantolon,,,,,,,,Renk,Camel,Beden,42,PAN-003-CAM-42,370,shopify,13,deny,manual,799.00,,TRUE,TRUE,,,,,,,,,,,,,,,,,
beli-lastikli-relax-fit-tesettur-pantolon,,,,,,,,Renk,Camel,Beden,44,PAN-003-CAM-44,370,shopify,13,deny,manual,799.00,,TRUE,TRUE,,,,,,,,,,,,,,,,,
beli-lastikli-relax-fit-tesettur-pantolon,,,,,,,,Renk,Camel,Beden,46,PAN-003-CAM-46,370,shopify,13,deny,manual,799.00,,TRUE,TRUE,,,,,,,,,,,,,,,,,
beli-lastikli-relax-fit-tesettur-pantolon,,,,,,,,Renk,Camel,Beden,48,PAN-003-CAM-48,370,shopify,13,deny,manual,799.00,,TRUE,TRUE,,,,,,,,,,,,,,,,,
beli-lastikli-relax-fit-tesettur-pantolon,,,,,,,,Renk,Camel,Beden,50,PAN-003-CAM-50,370,shopify,0,deny,manual,799.00,,TRUE,TRUE,,,,,,,,,,,,,,,,,
minimal-fermuarli-ferace,Minimal Fermuarlı Ferace,"<p>Fermuar çizgisi sade durur; astar rüzgârı keser.</p><h3>Ürün özellikleri</h3><ul><li>Ön fermuar</li><li>Astarlı</li><li>Regular kalıp</li><li>Uzun kol</li><li>Yan yırtmaç</li></ul><p><strong>Kalıp:</strong> Regular</p><p><strong>Kumaş:</strong> Astarlı krep</p><p><strong>Kullanım:</strong> Günlük / Dışarı</p><p><strong>Kombin önerisi:</strong> İçine düz bir takım veya elbise; boyu iç parçanın altına insin.</p><p><strong>Bakım:</strong> Kuru temizleme önerilir. Düşük ısıda ütüleyin.</p><p><em>Demo Modest kataloğu için hazırlanmış DEMO üründür. Gerçek stok, gerçek marka veya gerçek satış verisi değildir.</em></p>",Demo Modest,Apparel & Accessories > Clothing > Outerwear,Tesettür Ferace,"tesettur, ferace, kadin, minimal, dis-giyim, yeni-sezon, kis",TRUE,Renk,Siyah,Beden,36,FER-001-SIY-36,620,shopify,11,deny,manual,1899.00,,TRUE,TRUE,,,Siyah minimal fermuarlı ferace,FALSE,Minimal Fermuarlı Ferace | Demo Modest Katalog tesettür giyi,Sade fermuarlı tesettür feraceyi dış katman olarak inceleyin. Demo Modest DEMO kaydı. Tema testi için hazırlanmıştır; satış verisi içermez. İncelemeden önce,active,%100 Polyester,Regular,140 cm,174 cm,38,Astarlı krep,Kuru temizleme önerilir. Düşük ısıda ütüleyin.,Sonbahar / Kış,Minimal,Günlük / Dışarı
minimal-fermuarli-ferace,,,,,,,,Renk,Siyah,Beden,38,FER-001-SIY-38,620,shopify,11,deny,manual,1899.00,,TRUE,TRUE,,,,,,,,,,,,,,,,,
minimal-fermuarli-ferace,,,,,,,,Renk,Siyah,Beden,40,FER-001-SIY-40,620,shopify,11,deny,manual,1899.00,,TRUE,TRUE,,,,,,,,,,,,,,,,,
minimal-fermuarli-ferace,,,,,,,,Renk,Siyah,Beden,42,FER-001-SIY-42,620,shopify,11,deny,manual,1899.00,,TRUE,TRUE,,,,,,,,,,,,,,,,,
minimal-fermuarli-ferace,,,,,,,,Renk,Siyah,Beden,44,FER-001-SIY-44,620,shopify,11,deny,manual,1899.00,,TRUE,TRUE,,,,,,,,,,,,,,,,,
minimal-fermuarli-ferace,,,,,,,,Renk,Siyah,Beden,46,FER-001-SIY-46,620,shopify,11,deny,manual,1899.00,,TRUE,TRUE,,,,,,,,,,,,,,,,,
minimal-fermuarli-ferace,,,,,,,,Renk,Vizon,Beden,36,FER-001-VIZ-36,620,shopify,11,deny,manual,1899.00,,TRUE,TRUE,,,,,,,,,,,,,,,,,
minimal-fermuarli-ferace,,,,,,,,Renk,Vizon,Beden,38,FER-001-VIZ-38,620,shopify,11,deny,manual,1899.00,,TRUE,TRUE,,,,,,,,,,,,,,,,,
minimal-fermuarli-ferace,,,,,,,,Renk,Vizon,Beden,40,FER-001-VIZ-40,620,shopify,11,deny,manual,1899.00,,TRUE,TRUE,,,,,,,,,,,,,,,,,
minimal-fermuarli-ferace,,,,,,,,Renk,Vizon,Beden,42,FER-001-VIZ-42,620,shopify,11,deny,manual,1899.00,,TRUE,TRUE,,,,,,,,,,,,,,,,,
minimal-fermuarli-ferace,,,,,,,,Renk,Vizon,Beden,44,FER-001-VIZ-44,620,shopify,11,deny,manual,1899.00,,TRUE,TRUE,,,,,,,,,,,,,,,,,
minimal-fermuarli-ferace,,,,,,,,Renk,Vizon,Beden,46,FER-001-VIZ-46,620,shopify,11,deny,manual,1899.00,,TRUE,TRUE,,,,,,,,,,,,,,,,,
minimal-fermuarli-ferace,,,,,,,,Renk,Lacivert,Beden,36,FER-001-LAC-36,620,shopify,11,deny,manual,1899.00,,TRUE,TRUE,,,,,,,,,,,,,,,,,
minimal-fermuarli-ferace,,,,,,,,Renk,Lacivert,Beden,38,FER-001-LAC-38,620,shopify,11,deny,manual,1899.00,,TRUE,TRUE,,,,,,,,,,,,,,,,,
minimal-fermuarli-ferace,,,,,,,,Renk,Lacivert,Beden,40,FER-001-LAC-40,620,shopify,11,deny,manual,1899.00,,TRUE,TRUE,,,,,,,,,,,,,,,,,
minimal-fermuarli-ferace,,,,,,,,Renk,Lacivert,Beden,42,FER-001-LAC-42,620,shopify,11,deny,manual,1899.00,,TRUE,TRUE,,,,,,,,,,,,,,,,,
minimal-fermuarli-ferace,,,,,,,,Renk,Lacivert,Beden,44,FER-001-LAC-44,620,shopify,11,deny,manual,1899.00,,TRUE,TRUE,,,,,,,,,,,,,,,,,
minimal-fermuarli-ferace,,,,,,,,Renk,Lacivert,Beden,46,FER-001-LAC-46,620,shopify,11,deny,manual,1899.00,,TRUE,TRUE,,,,,,,,,,,,,,,,,
klasik-dugmeli-tesettur-ferace,Klasik Düğmeli Tesettür Ferace,"<p>Düğme sırası klasik okunur; omuz pedi yoktur.</p><h3>Ürün özellikleri</h3><ul><li>Ön düğme</li><li>Kapüşonsuz</li><li>Regular</li><li>Derin cep</li><li>Uzun boy</li></ul><p><strong>Kalıp:</strong> Regular</p><p><strong>Kumaş:</strong> Krep</p><p><strong>Kullanım:</strong> Günlük</p><p><strong>Kombin önerisi:</strong> İç kombin açık renk kalsın; ferace koyu kalsın.</p><p><strong>Bakım:</strong> Kuru temizleme. Buharlı ütü.</p><p><em>Demo Modest kataloğu için hazırlanmış DEMO üründür. Gerçek stok, gerçek marka veya gerçek satış verisi değildir.</em></p>",Demo Modest,Apparel & Accessories > Clothing > Outerwear,Tesettür Ferace,"tesettur, ferace, kadin, klasik, dis-giyim, cok-satan, kis",TRUE,Renk,Kahve,Beden,36,FER-002-KAH-36,650,shopify,0,deny,manual,2099.00,,TRUE,TRUE,,,Kahve klasik düğmeli tesettür ferace,FALSE,Klasik Düğmeli Tesettür Ferace | Demo Modest Katalog,Düğmeli klasik tesettür feraceyi günlük dış katman olarak inceleyin. DEMO üründür. Görseller sonradan eklenebilir; sahte görsel adresi yoktur.,active,%100 Polyester,Regular,142 cm,170 cm,40,Krep,Kuru temizleme. Buharlı ütü.,Sonbahar / Kış,Klasik,Günlük
klasik-dugmeli-tesettur-ferace,,,,,,,,Renk,Kahve,Beden,38,FER-002-KAH-38,650,shopify,15,deny,manual,2099.00,,TRUE,TRUE,,,,,,,,,,,,,,,,,
klasik-dugmeli-tesettur-ferace,,,,,,,,Renk,Kahve,Beden,40,FER-002-KAH-40,650,shopify,15,deny,manual,2099.00,,TRUE,TRUE,,,,,,,,,,,,,,,,,
klasik-dugmeli-tesettur-ferace,,,,,,,,Renk,Kahve,Beden,42,FER-002-KAH-42,650,shopify,15,deny,manual,2099.00,,TRUE,TRUE,,,,,,,,,,,,,,,,,
klasik-dugmeli-tesettur-ferace,,,,,,,,Renk,Kahve,Beden,44,FER-002-KAH-44,650,shopify,15,deny,manual,2099.00,,TRUE,TRUE,,,,,,,,,,,,,,,,,
klasik-dugmeli-tesettur-ferace,,,,,,,,Renk,Kahve,Beden,46,FER-002-KAH-46,650,shopify,15,deny,manual,2099.00,,TRUE,TRUE,,,,,,,,,,,,,,,,,
klasik-dugmeli-tesettur-ferace,,,,,,,,Renk,Kahve,Beden,48,FER-002-KAH-48,650,shopify,15,deny,manual,2099.00,,TRUE,TRUE,,,,,,,,,,,,,,,,,
klasik-dugmeli-tesettur-ferace,,,,,,,,Renk,Siyah,Beden,36,FER-002-SIY-36,650,shopify,15,deny,manual,2099.00,,TRUE,TRUE,,,,,,,,,,,,,,,,,
klasik-dugmeli-tesettur-ferace,,,,,,,,Renk,Siyah,Beden,38,FER-002-SIY-38,650,shopify,15,deny,manual,2099.00,,TRUE,TRUE,,,,,,,,,,,,,,,,,
klasik-dugmeli-tesettur-ferace,,,,,,,,Renk,Siyah,Beden,40,FER-002-SIY-40,650,shopify,15,deny,manual,2099.00,,TRUE,TRUE,,,,,,,,,,,,,,,,,
klasik-dugmeli-tesettur-ferace,,,,,,,,Renk,Siyah,Beden,42,FER-002-SIY-42,650,shopify,15,deny,manual,2099.00,,TRUE,TRUE,,,,,,,,,,,,,,,,,
klasik-dugmeli-tesettur-ferace,,,,,,,,Renk,Siyah,Beden,44,FER-002-SIY-44,650,shopify,15,deny,manual,2099.00,,TRUE,TRUE,,,,,,,,,,,,,,,,,
klasik-dugmeli-tesettur-ferace,,,,,,,,Renk,Siyah,Beden,46,FER-002-SIY-46,650,shopify,15,deny,manual,2099.00,,TRUE,TRUE,,,,,,,,,,,,,,,,,
klasik-dugmeli-tesettur-ferace,,,,,,,,Renk,Siyah,Beden,48,FER-002-SIY-48,650,shopify,15,deny,manual,2099.00,,TRUE,TRUE,,,,,,,,,,,,,,,,,
hafif-dokulu-yazlik-tesettur-ferace,Hafif Dokulu Yazlık Tesettür Ferace,"<p>Yazlık ferace astarsızdır; kumaş hava alır.</p><h3>Ürün özellikleri</h3><ul><li>Hafif doku</li><li>Astarsız</li><li>Açık kesim</li><li>Uzun kol</li><li>Yan yırtmaç</li></ul><p><strong>Kalıp:</strong> Rahat</p><p><strong>Kumaş:</strong> Viskon</p><p><strong>Kullanım:</strong> Günlük / Seyahat</p><p><strong>Kombin önerisi:</strong> İçine ince bir elbise; feraceyi açık bırakabilirsiniz.</p><p><strong>Bakım:</strong> Soğuk yıkayın. Askıda kurutun.</p><p><em>Demo Modest kataloğu için hazırlanmış DEMO üründür. Gerçek stok, gerçek marka veya gerçek satış verisi değildir.</em></p>",Demo Modest,Apparel & Accessories > Clothing > Outerwear,Tesettür Ferace,"tesettur, ferace, kadin, yazlik, viskon, dis-giyim, sinirli-stok, yaz",TRUE,Renk,Ekru,Beden,38,FER-003-EKR-38,480,shopify,2,deny,manual,1599.00,,TRUE,TRUE,,,Ekru hafif yazlık tesettür ferace,FALSE,Hafif Dokulu Yazlık Tesettür Ferace | Demo Modest Katalog,Astarsız yazlık tesettür feraceyi sınırlı DEMO stokla inceleyin. Gerçek envanter değildir. Fiyatlar DEMO birimdir; canlı pazar fiyatı değildir.,active,%100 Viskon,Rahat,136 cm,172 cm,38,Viskon,Soğuk yıkayın. Askıda kurutun.,İlkbahar / Yaz,Hafif,Günlük / Seyahat
hafif-dokulu-yazlik-tesettur-ferace,,,,,,,,Renk,Ekru,Beden,40,FER-003-EKR-40,480,shopify,2,deny,manual,1599.00,,TRUE,TRUE,,,,,,,,,,,,,,,,,
hafif-dokulu-yazlik-tesettur-ferace,,,,,,,,Renk,Ekru,Beden,42,FER-003-EKR-42,480,shopify,2,deny,manual,1599.00,,TRUE,TRUE,,,,,,,,,,,,,,,,,
hafif-dokulu-yazlik-tesettur-ferace,,,,,,,,Renk,Ekru,Beden,44,FER-003-EKR-44,480,shopify,2,deny,manual,1599.00,,TRUE,TRUE,,,,,,,,,,,,,,,,,
hafif-dokulu-yazlik-tesettur-ferace,,,,,,,,Renk,Adaçayı,Beden,38,FER-003-ADA-38,480,shopify,2,deny,manual,1599.00,,TRUE,TRUE,,,,,,,,,,,,,,,,,
hafif-dokulu-yazlik-tesettur-ferace,,,,,,,,Renk,Adaçayı,Beden,40,FER-003-ADA-40,480,shopify,2,deny,manual,1599.00,,TRUE,TRUE,,,,,,,,,,,,,,,,,
hafif-dokulu-yazlik-tesettur-ferace,,,,,,,,Renk,Adaçayı,Beden,42,FER-003-ADA-42,480,shopify,2,deny,manual,1599.00,,TRUE,TRUE,,,,,,,,,,,,,,,,,
hafif-dokulu-yazlik-tesettur-ferace,,,,,,,,Renk,Adaçayı,Beden,44,FER-003-ADA-44,480,shopify,2,deny,manual,1599.00,,TRUE,TRUE,,,,,,,,,,,,,,,,,
soft-dokulu-oversize-tesettur-kap,Soft Dokulu Oversize Tesettür Kap,"<p>Oversize kap omuzu düşürür; yumuşak yüzey kışlık sertlikte değildir.</p><h3>Ürün özellikleri</h3><ul><li>Oversize</li><li>Soft doku</li><li>Çıtçıt kapama</li><li>Derin cep</li><li>Kapüşonsuz</li></ul><p><strong>Kalıp:</strong> Oversize</p><p><strong>Kumaş:</strong> Soft krep</p><p><strong>Kullanım:</strong> Günlük</p><p><strong>Kombin önerisi:</strong> İçine dar bir takım; kap bel hizasını örtmesin diye kemer eklemeyin.</p><p><strong>Bakım:</strong> Kuru temizleme önerilir.</p><p><em>Demo Modest kataloğu için hazırlanmış DEMO üründür. Gerçek stok, gerçek marka veya gerçek satış verisi değildir.</em></p>",Demo Modest,Apparel & Accessories > Clothing > Outerwear,Tesettür Kap,"tesettur, kap, kadin, oversize, dis-giyim, yeni-sezon, sonbahar",TRUE,Renk,Vizon,Beden,36,KAP-001-VIZ-36,680,shopify,10,deny,manual,2299.00,,TRUE,TRUE,,,Vizon soft oversize tesettür kap,FALSE,Soft Dokulu Oversize Tesettür Kap | Demo Modest Katalog,Yumuşak dokulu oversize tesettür kapı sonbahar katmanı olarak inceleyin. DEMO kayıttır. Varyant ve rozet davranışını denemek için kurgulanmıştır.,active,%100 Polyester,Oversize,130 cm,175 cm,38,Soft krep,Kuru temizleme önerilir.,Sonbahar / Kış,Oversize,Günlük
soft-dokulu-oversize-tesettur-kap,,,,,,,,Renk,Vizon,Beden,38,KAP-001-VIZ-38,680,shopify,10,deny,manual,2299.00,,TRUE,TRUE,,,,,,,,,,,,,,,,,
soft-dokulu-oversize-tesettur-kap,,,,,,,,Renk,Vizon,Beden,40,KAP-001-VIZ-40,680,shopify,10,deny,manual,2299.00,,TRUE,TRUE,,,,,,,,,,,,,,,,,
soft-dokulu-oversize-tesettur-kap,,,,,,,,Renk,Vizon,Beden,42,KAP-001-VIZ-42,680,shopify,10,deny,manual,2299.00,,TRUE,TRUE,,,,,,,,,,,,,,,,,
soft-dokulu-oversize-tesettur-kap,,,,,,,,Renk,Vizon,Beden,44,KAP-001-VIZ-44,680,shopify,10,deny,manual,2299.00,,TRUE,TRUE,,,,,,,,,,,,,,,,,
soft-dokulu-oversize-tesettur-kap,,,,,,,,Renk,Sütlü Kahve,Beden,36,KAP-001-SUT-36,680,shopify,10,deny,manual,2299.00,,TRUE,TRUE,,,,,,,,,,,,,,,,,
soft-dokulu-oversize-tesettur-kap,,,,,,,,Renk,Sütlü Kahve,Beden,38,KAP-001-SUT-38,680,shopify,10,deny,manual,2299.00,,TRUE,TRUE,,,,,,,,,,,,,,,,,
soft-dokulu-oversize-tesettur-kap,,,,,,,,Renk,Sütlü Kahve,Beden,40,KAP-001-SUT-40,680,shopify,10,deny,manual,2299.00,,TRUE,TRUE,,,,,,,,,,,,,,,,,
soft-dokulu-oversize-tesettur-kap,,,,,,,,Renk,Sütlü Kahve,Beden,42,KAP-001-SUT-42,680,shopify,10,deny,manual,2299.00,,TRUE,TRUE,,,,,,,,,,,,,,,,,
soft-dokulu-oversize-tesettur-kap,,,,,,,,Renk,Sütlü Kahve,Beden,44,KAP-001-SUT-44,680,shopify,10,deny,manual,2299.00,,TRUE,TRUE,,,,,,,,,,,,,,,,,
soft-dokulu-oversize-tesettur-kap,,,,,,,,Renk,Antrasit,Beden,36,KAP-001-ANT-36,680,shopify,10,deny,manual,2299.00,,TRUE,TRUE,,,,,,,,,,,,,,,,,
soft-dokulu-oversize-tesettur-kap,,,,,,,,Renk,Antrasit,Beden,38,KAP-001-ANT-38,680,shopify,10,deny,manual,2299.00,,TRUE,TRUE,,,,,,,,,,,,,,,,,
soft-dokulu-oversize-tesettur-kap,,,,,,,,Renk,Antrasit,Beden,40,KAP-001-ANT-40,680,shopify,10,deny,manual,2299.00,,TRUE,TRUE,,,,,,,,,,,,,,,,,
soft-dokulu-oversize-tesettur-kap,,,,,,,,Renk,Antrasit,Beden,42,KAP-001-ANT-42,680,shopify,10,deny,manual,2299.00,,TRUE,TRUE,,,,,,,,,,,,,,,,,
soft-dokulu-oversize-tesettur-kap,,,,,,,,Renk,Antrasit,Beden,44,KAP-001-ANT-44,680,shopify,10,deny,manual,2299.00,,TRUE,TRUE,,,,,,,,,,,,,,,,,
duz-kesim-uzun-tesettur-pardesu,Düz Kesim Uzun Tesettür Pardesü,"<p>Pardesü boyu ayakkabıya yaklaşır; düz kesim rüzgârda açılmaz.</p><h3>Ürün özellikleri</h3><ul><li>Uzun pardesü</li><li>Düz kesim</li><li>Düğmeli</li><li>Astarlı</li><li>Kol ağzı manşet</li></ul><p><strong>Kalıp:</strong> Düz kesim</p><p><strong>Kumaş:</strong> Astarlı krep</p><p><strong>Kullanım:</strong> Günlük / Ofis</p><p><strong>Kombin önerisi:</strong> İçinde düz elbise veya takım; şalı yakadan içeri almayın.</p><p><strong>Bakım:</strong> Kuru temizleme. Düşük ısıda ütü.</p><p><em>Demo Modest kataloğu için hazırlanmış DEMO üründür. Gerçek stok, gerçek marka veya gerçek satış verisi değildir.</em></p>",Demo Modest,Apparel & Accessories > Clothing > Outerwear,Tesettür Pardesü,"tesettur, pardesu, kadin, uzun, dis-giyim, indirim, kis",TRUE,Renk,Siyah,Beden,38,PAR-001-SIY-38,710,shopify,6,deny,manual,2199.00,2699.00,TRUE,TRUE,,,Siyah düz kesim tesettür pardesü,FALSE,Düz Kesim Uzun Tesettür Pardesü | Demo Modest Katalog,Uzun düz kesim tesettür pardesüyü indirimli DEMO fiyatla inceleyin. Gerçek kampanya yoktur. DEMO katalog kaydıdır; gerçek stok veya marka ürünü değildir.,active,%100 Polyester,Düz kesim,145 cm,171 cm,40,Astarlı krep,Kuru temizleme. Düşük ısıda ütü.,Sonbahar / Kış,Klasik,Günlük / Ofis
duz-kesim-uzun-tesettur-pardesu,,,,,,,,Renk,Siyah,Beden,40,PAR-001-SIY-40,710,shopify,6,deny,manual,2199.00,2699.00,TRUE,TRUE,,,,,,,,,,,,,,,,,
duz-kesim-uzun-tesettur-pardesu,,,,,,,,Renk,Siyah,Beden,42,PAR-001-SIY-42,710,shopify,6,deny,manual,2199.00,2699.00,TRUE,TRUE,,,,,,,,,,,,,,,,,
duz-kesim-uzun-tesettur-pardesu,,,,,,,,Renk,Siyah,Beden,44,PAR-001-SIY-44,710,shopify,6,deny,manual,2199.00,2699.00,TRUE,TRUE,,,,,,,,,,,,,,,,,
duz-kesim-uzun-tesettur-pardesu,,,,,,,,Renk,Siyah,Beden,46,PAR-001-SIY-46,710,shopify,6,deny,manual,2199.00,2699.00,TRUE,TRUE,,,,,,,,,,,,,,,,,
duz-kesim-uzun-tesettur-pardesu,,,,,,,,Renk,Lacivert,Beden,38,PAR-001-LAC-38,710,shopify,6,deny,manual,2199.00,2699.00,TRUE,TRUE,,,,,,,,,,,,,,,,,
duz-kesim-uzun-tesettur-pardesu,,,,,,,,Renk,Lacivert,Beden,40,PAR-001-LAC-40,710,shopify,6,deny,manual,2199.00,2699.00,TRUE,TRUE,,,,,,,,,,,,,,,,,
duz-kesim-uzun-tesettur-pardesu,,,,,,,,Renk,Lacivert,Beden,42,PAR-001-LAC-42,710,shopify,6,deny,manual,2199.00,2699.00,TRUE,TRUE,,,,,,,,,,,,,,,,,
duz-kesim-uzun-tesettur-pardesu,,,,,,,,Renk,Lacivert,Beden,44,PAR-001-LAC-44,710,shopify,6,deny,manual,2199.00,2699.00,TRUE,TRUE,,,,,,,,,,,,,,,,,
duz-kesim-uzun-tesettur-pardesu,,,,,,,,Renk,Lacivert,Beden,46,PAR-001-LAC-46,710,shopify,6,deny,manual,2199.00,2699.00,TRUE,TRUE,,,,,,,,,,,,,,,,,
kemerli-midi-tesettur-kap,Kemerli Midi Tesettür Kap,"<p>İnce kemer beli işaretler; midi boy pantolon paçasını açık bırakır.</p><h3>Ürün özellikleri</h3><ul><li>Çıkarılabilir kemer</li><li>Midi boy</li><li>Regular</li><li>Düğme</li><li>Yırtmaçlı etek ucu</li></ul><p><strong>Kalıp:</strong> Regular</p><p><strong>Kumaş:</strong> Krep</p><p><strong>Kullanım:</strong> Ofis / Gezi</p><p><strong>Kombin önerisi:</strong> Palazzo pantolon ile kemeri bağlayın; şalı düz tutun.</p><p><strong>Bakım:</strong> Kemerı çıkarıp düşük ısıda ütüleyin.</p><p><em>Demo Modest kataloğu için hazırlanmış DEMO üründür. Gerçek stok, gerçek marka veya gerçek satış verisi değildir.</em></p>",Demo Modest,Apparel & Accessories > Clothing > Outerwear,Tesettür Kap,"tesettur, kap, kadin, kemer, midi, dis-giyim, bahar",TRUE,Renk,Camel,Beden,36,KAP-002-CAM-36,640,shopify,8,deny,manual,1999.00,,TRUE,TRUE,,,Camel kemerli midi tesettür kap,FALSE,Kemerli Midi Tesettür Kap | Demo Modest Katalog tesettür giy,Kemerli midi tesettür kapı ofis ve gezi katmanı olarak inceleyin. Demo Modest DEMO. Tema testi için hazırlanmıştır; satış verisi içermez. İncelemeden önce,active,%100 Polyester,Regular,118 cm,176 cm,36,Krep,Kemerı çıkarıp düşük ısıda ütüleyin.,İlkbahar / Sonbahar,Zarif,Ofis / Gezi
kemerli-midi-tesettur-kap,,,,,,,,Renk,Camel,Beden,38,KAP-002-CAM-38,640,shopify,8,deny,manual,1999.00,,TRUE,TRUE,,,,,,,,,,,,,,,,,
kemerli-midi-tesettur-kap,,,,,,,,Renk,Camel,Beden,40,KAP-002-CAM-40,640,shopify,8,deny,manual,1999.00,,TRUE,TRUE,,,,,,,,,,,,,,,,,
kemerli-midi-tesettur-kap,,,,,,,,Renk,Camel,Beden,42,KAP-002-CAM-42,640,shopify,8,deny,manual,1999.00,,TRUE,TRUE,,,,,,,,,,,,,,,,,
kemerli-midi-tesettur-kap,,,,,,,,Renk,Kahve,Beden,36,KAP-002-KAH-36,640,shopify,8,deny,manual,1999.00,,TRUE,TRUE,,,,,,,,,,,,,,,,,
kemerli-midi-tesettur-kap,,,,,,,,Renk,Kahve,Beden,38,KAP-002-KAH-38,640,shopify,8,deny,manual,1999.00,,TRUE,TRUE,,,,,,,,,,,,,,,,,
kemerli-midi-tesettur-kap,,,,,,,,Renk,Kahve,Beden,40,KAP-002-KAH-40,640,shopify,8,deny,manual,1999.00,,TRUE,TRUE,,,,,,,,,,,,,,,,,
kemerli-midi-tesettur-kap,,,,,,,,Renk,Kahve,Beden,42,KAP-002-KAH-42,640,shopify,8,deny,manual,1999.00,,TRUE,TRUE,,,,,,,,,,,,,,,,,
zarif-saten-tesettur-abiye,Zarif Saten Tesettür Abiye,"<p>Saten ışığı yumuşak kırar; kesim davet için uzun bırakıldı.</p><h3>Ürün özellikleri</h3><ul><li>Saten görünüm</li><li>Astarlı</li><li>Uzun boy</li><li>Kapalı yaka</li><li>Gizli fermuar</li></ul><p><strong>Kalıp:</strong> Regular</p><p><strong>Kumaş:</strong> Saten</p><p><strong>Kullanım:</strong> Davet</p><p><strong>Kombin önerisi:</strong> Aynı tonda saten görünümlü bir şal; takı tek parça kalsın.</p><p><strong>Bakım:</strong> Kuru temizleme. Satenı buharla düzeltin.</p><p><em>Demo Modest kataloğu için hazırlanmış DEMO üründür. Gerçek stok, gerçek marka veya gerçek satış verisi değildir.</em></p>",Demo Modest,Apparel & Accessories > Clothing > Dresses,Tesettür Abiye,"tesettur, abiye, kadin, saten, davet, yeni-sezon, kis",TRUE,Renk,Siyah,Beden,36,ABI-001-SIY-36,540,shopify,7,deny,manual,2799.00,,TRUE,TRUE,,,Bordo zarif saten tesettür abiye,FALSE,Zarif Saten Tesettür Abiye | Demo Modest Katalog tesettür gi,Uzun saten tesettür abiyeyi davet kombinleri için inceleyin. Demo Modest DEMO üründür. Görseller sonradan eklenebilir; sahte görsel adresi yoktur.,active,%100 Polyester saten,Regular,150 cm,175 cm,38,Saten,Kuru temizleme. Satenı buharla düzeltin.,Sonbahar / Kış,Zarif,Davet
zarif-saten-tesettur-abiye,,,,,,,,Renk,Siyah,Beden,38,ABI-001-SIY-38,540,shopify,7,deny,manual,2799.00,,TRUE,TRUE,,,,,,,,,,,,,,,,,
zarif-saten-tesettur-abiye,,,,,,,,Renk,Siyah,Beden,40,ABI-001-SIY-40,540,shopify,7,deny,manual,2799.00,,TRUE,TRUE,,,,,,,,,,,,,,,,,
zarif-saten-tesettur-abiye,,,,,,,,Renk,Siyah,Beden,42,ABI-001-SIY-42,540,shopify,7,deny,manual,2799.00,,TRUE,TRUE,,,,,,,,,,,,,,,,,
zarif-saten-tesettur-abiye,,,,,,,,Renk,Bordo,Beden,36,ABI-001-BOR-36,540,shopify,7,deny,manual,2799.00,,TRUE,TRUE,,,,,,,,,,,,,,,,,
zarif-saten-tesettur-abiye,,,,,,,,Renk,Bordo,Beden,38,ABI-001-BOR-38,540,shopify,7,deny,manual,2799.00,,TRUE,TRUE,,,,,,,,,,,,,,,,,
zarif-saten-tesettur-abiye,,,,,,,,Renk,Bordo,Beden,40,ABI-001-BOR-40,540,shopify,7,deny,manual,2799.00,,TRUE,TRUE,,,,,,,,,,,,,,,,,
zarif-saten-tesettur-abiye,,,,,,,,Renk,Bordo,Beden,42,ABI-001-BOR-42,540,shopify,7,deny,manual,2799.00,,TRUE,TRUE,,,,,,,,,,,,,,,,,
zarif-saten-tesettur-abiye,,,,,,,,Renk,Gül Kurusu,Beden,36,ABI-001-GUL-36,540,shopify,7,deny,manual,2799.00,,TRUE,TRUE,,,,,,,,,,,,,,,,,
zarif-saten-tesettur-abiye,,,,,,,,Renk,Gül Kurusu,Beden,38,ABI-001-GUL-38,540,shopify,7,deny,manual,2799.00,,TRUE,TRUE,,,,,,,,,,,,,,,,,
zarif-saten-tesettur-abiye,,,,,,,,Renk,Gül Kurusu,Beden,40,ABI-001-GUL-40,540,shopify,7,deny,manual,2799.00,,TRUE,TRUE,,,,,,,,,,,,,,,,,
zarif-saten-tesettur-abiye,,,,,,,,Renk,Gül Kurusu,Beden,42,ABI-001-GUL-42,540,shopify,7,deny,manual,2799.00,,TRUE,TRUE,,,,,,,,,,,,,,,,,
drapeli-uzun-tesettur-abiye,Drapeli Uzun Tesettür Abiye,"<p>Drape belde toplanır; kumaş ağır aktığı için astar şarttır.</p><h3>Ürün özellikleri</h3><ul><li>Drape detay</li><li>Uzun abiye</li><li>Astarlı</li><li>Uzun kol</li><li>Hafif evaze etek</li></ul><p><strong>Kalıp:</strong> Regular</p><p><strong>Kumaş:</strong> Şifon astarlı</p><p><strong>Kullanım:</strong> Davet</p><p><strong>Kombin önerisi:</strong> Düz bir şal; kemer eklemeyin, drape yeter.</p><p><strong>Bakım:</strong> Kuru temizleme. Drapeyi çekiştirmeyin.</p><p><em>Demo Modest kataloğu için hazırlanmış DEMO üründür. Gerçek stok, gerçek marka veya gerçek satış verisi değildir.</em></p>",Demo Modest,Apparel & Accessories > Clothing > Dresses,Tesettür Abiye,"tesettur, abiye, kadin, drape, davet, sinirli-stok",TRUE,Renk,Lacivert,Beden,38,ABI-002-LAC-38,560,shopify,1,deny,manual,3199.00,,TRUE,TRUE,,,Lacivert drapeli tesettür abiye,FALSE,Drapeli Uzun Tesettür Abiye | Demo Modest Katalog tesettür g,Drapeli uzun tesettür abiyeyi sınırlı DEMO adetle inceleyin. Gerçek stok iddiası yoktur. Fiyatlar DEMO birimdir; canlı pazar fiyatı değildir.,active,%100 Polyester,Regular,152 cm,177 cm,38,Şifon astarlı,Kuru temizleme. Drapeyi çekiştirmeyin.,Dört mevsim,Zarif,Davet
drapeli-uzun-tesettur-abiye,,,,,,,,Renk,Lacivert,Beden,40,ABI-002-LAC-40,560,shopify,1,deny,manual,3199.00,,TRUE,TRUE,,,,,,,,,,,,,,,,,
drapeli-uzun-tesettur-abiye,,,,,,,,Renk,Lacivert,Beden,42,ABI-002-LAC-42,560,shopify,1,deny,manual,3199.00,,TRUE,TRUE,,,,,,,,,,,,,,,,,
drapeli-uzun-tesettur-abiye,,,,,,,,Renk,Siyah,Beden,38,ABI-002-SIY-38,560,shopify,1,deny,manual,3199.00,,TRUE,TRUE,,,,,,,,,,,,,,,,,
drapeli-uzun-tesettur-abiye,,,,,,,,Renk,Siyah,Beden,40,ABI-002-SIY-40,560,shopify,1,deny,manual,3199.00,,TRUE,TRUE,,,,,,,,,,,,,,,,,
drapeli-uzun-tesettur-abiye,,,,,,,,Renk,Siyah,Beden,42,ABI-002-SIY-42,560,shopify,1,deny,manual,3199.00,,TRUE,TRUE,,,,,,,,,,,,,,,,,
klasik-belden-oturan-tesettur-trenckot,Klasik Belden Oturan Tesettür Trençkot,"<p>Trenç kemeri beli toplar; pamuk karışım baharda yeter.</p><h3>Ürün özellikleri</h3><ul><li>Kemerli</li><li>Çift sıra düğme görünümü</li><li>Midi-uzun</li><li>Kol kayışı</li><li>Astarlı</li></ul><p><strong>Kalıp:</strong> Regular</p><p><strong>Kumaş:</strong> Pamuk karışım</p><p><strong>Kullanım:</strong> Günlük / Ofis</p><p><strong>Kombin önerisi:</strong> Elbise veya takım üstüne; şalı yaka dışına alın.</p><p><strong>Bakım:</strong> Kuru temizleme. Kemerı ayrı ütüleyin.</p><p><em>Demo Modest kataloğu için hazırlanmış DEMO üründür. Gerçek stok, gerçek marka veya gerçek satış verisi değildir.</em></p>",Demo Modest,Apparel & Accessories > Clothing > Outerwear,Tesettür Trençkot,"tesettur, trenckot, kadin, klasik, dis-giyim, cok-satan, bahar",TRUE,Renk,Bej,Beden,36,DIS-001-BEJ-36,760,shopify,12,deny,manual,2499.00,,TRUE,TRUE,,,Bej klasik tesettür trençkot,FALSE,Klasik Belden Oturan Tesettür Trençkot | Demo Modest,Belden oturan klasik tesettür trençkotu bahar katmanı olarak inceleyin. DEMO üründür. Varyant ve rozet davranışını denemek için kurgulanmıştır.,active,%65 Polyester %35 Pamuk,Regular,120 cm,174 cm,38,Pamuk karışım,Kuru temizleme. Kemerı ayrı ütüleyin.,İlkbahar / Sonbahar,Klasik,Günlük / Ofis
klasik-belden-oturan-tesettur-trenckot,,,,,,,,Renk,Bej,Beden,38,DIS-001-BEJ-38,760,shopify,12,deny,manual,2499.00,,TRUE,TRUE,,,,,,,,,,,,,,,,,
klasik-belden-oturan-tesettur-trenckot,,,,,,,,Renk,Bej,Beden,40,DIS-001-BEJ-40,760,shopify,12,deny,manual,2499.00,,TRUE,TRUE,,,,,,,,,,,,,,,,,
klasik-belden-oturan-tesettur-trenckot,,,,,,,,Renk,Bej,Beden,42,DIS-001-BEJ-42,760,shopify,12,deny,manual,2499.00,,TRUE,TRUE,,,,,,,,,,,,,,,,,
klasik-belden-oturan-tesettur-trenckot,,,,,,,,Renk,Bej,Beden,44,DIS-001-BEJ-44,760,shopify,12,deny,manual,2499.00,,TRUE,TRUE,,,,,,,,,,,,,,,,,
klasik-belden-oturan-tesettur-trenckot,,,,,,,,Renk,Bej,Beden,46,DIS-001-BEJ-46,760,shopify,12,deny,manual,2499.00,,TRUE,TRUE,,,,,,,,,,,,,,,,,
klasik-belden-oturan-tesettur-trenckot,,,,,,,,Renk,Siyah,Beden,36,DIS-001-SIY-36,760,shopify,12,deny,manual,2499.00,,TRUE,TRUE,,,,,,,,,,,,,,,,,
klasik-belden-oturan-tesettur-trenckot,,,,,,,,Renk,Siyah,Beden,38,DIS-001-SIY-38,760,shopify,12,deny,manual,2499.00,,TRUE,TRUE,,,,,,,,,,,,,,,,,
klasik-belden-oturan-tesettur-trenckot,,,,,,,,Renk,Siyah,Beden,40,DIS-001-SIY-40,760,shopify,12,deny,manual,2499.00,,TRUE,TRUE,,,,,,,,,,,,,,,,,
klasik-belden-oturan-tesettur-trenckot,,,,,,,,Renk,Siyah,Beden,42,DIS-001-SIY-42,760,shopify,12,deny,manual,2499.00,,TRUE,TRUE,,,,,,,,,,,,,,,,,
klasik-belden-oturan-tesettur-trenckot,,,,,,,,Renk,Siyah,Beden,44,DIS-001-SIY-44,760,shopify,12,deny,manual,2499.00,,TRUE,TRUE,,,,,,,,,,,,,,,,,
klasik-belden-oturan-tesettur-trenckot,,,,,,,,Renk,Siyah,Beden,46,DIS-001-SIY-46,760,shopify,0,deny,manual,2499.00,,TRUE,TRUE,,,,,,,,,,,,,,,,,
klasik-belden-oturan-tesettur-trenckot,,,,,,,,Renk,Taş,Beden,36,DIS-001-TAS-36,760,shopify,12,deny,manual,2499.00,,TRUE,TRUE,,,,,,,,,,,,,,,,,
klasik-belden-oturan-tesettur-trenckot,,,,,,,,Renk,Taş,Beden,38,DIS-001-TAS-38,760,shopify,12,deny,manual,2499.00,,TRUE,TRUE,,,,,,,,,,,,,,,,,
klasik-belden-oturan-tesettur-trenckot,,,,,,,,Renk,Taş,Beden,40,DIS-001-TAS-40,760,shopify,12,deny,manual,2499.00,,TRUE,TRUE,,,,,,,,,,,,,,,,,
klasik-belden-oturan-tesettur-trenckot,,,,,,,,Renk,Taş,Beden,42,DIS-001-TAS-42,760,shopify,12,deny,manual,2499.00,,TRUE,TRUE,,,,,,,,,,,,,,,,,
klasik-belden-oturan-tesettur-trenckot,,,,,,,,Renk,Taş,Beden,44,DIS-001-TAS-44,760,shopify,12,deny,manual,2499.00,,TRUE,TRUE,,,,,,,,,,,,,,,,,
klasik-belden-oturan-tesettur-trenckot,,,,,,,,Renk,Taş,Beden,46,DIS-001-TAS-46,760,shopify,12,deny,manual,2499.00,,TRUE,TRUE,,,,,,,,,,,,,,,,,
oversize-yun-gorunumlu-tesettur-kaban,Oversize Yün Görünümlü Tesettür Kaban,"<p>Yün görünümü kışlık durur; oversize içine katman alır.</p><h3>Ürün özellikleri</h3><ul><li>Oversize</li><li>Yün görünüm</li><li>Çıtçıt</li><li>Derin cep</li><li>Astarlı</li></ul><p><strong>Kalıp:</strong> Oversize</p><p><strong>Kumaş:</strong> Yün görünüm</p><p><strong>Kullanım:</strong> Günlük / Soğuk hava</p><p><strong>Kombin önerisi:</strong> İçine ferace değil, takım veya kalın tunik yeterli.</p><p><strong>Bakım:</strong> Kuru temizleme. Askıda dinlendirin.</p><p><em>Demo Modest kataloğu için hazırlanmış DEMO üründür. Gerçek stok, gerçek marka veya gerçek satış verisi değildir.</em></p>",Demo Modest,Apparel & Accessories > Clothing > Outerwear,Tesettür Kaban,"tesettur, kaban, kadin, oversize, dis-giyim, kis",TRUE,Renk,Antrasit,Beden,38,DIS-002-ANT-38,920,shopify,6,deny,manual,3499.00,,TRUE,TRUE,,,Antrasit oversize tesettür kaban,FALSE,Oversize Yün Görünümlü Tesettür Kaban | Demo Modest,Kışlık yün görünümlü oversize tesettür kabanı inceleyin. Demo Modest DEMO kaydıdır. DEMO katalog kaydıdır; gerçek stok veya marka ürünü değildir.,active,%100 Polyester yün görünüm,Oversize,112 cm,173 cm,40,Yün görünüm,Kuru temizleme. Askıda dinlendirin.,Kış,Oversize,Günlük / Soğuk hava
oversize-yun-gorunumlu-tesettur-kaban,,,,,,,,Renk,Antrasit,Beden,40,DIS-002-ANT-40,920,shopify,6,deny,manual,3499.00,,TRUE,TRUE,,,,,,,,,,,,,,,,,
oversize-yun-gorunumlu-tesettur-kaban,,,,,,,,Renk,Antrasit,Beden,42,DIS-002-ANT-42,920,shopify,6,deny,manual,3499.00,,TRUE,TRUE,,,,,,,,,,,,,,,,,
oversize-yun-gorunumlu-tesettur-kaban,,,,,,,,Renk,Antrasit,Beden,44,DIS-002-ANT-44,920,shopify,6,deny,manual,3499.00,,TRUE,TRUE,,,,,,,,,,,,,,,,,
oversize-yun-gorunumlu-tesettur-kaban,,,,,,,,Renk,Antrasit,Beden,46,DIS-002-ANT-46,920,shopify,6,deny,manual,3499.00,,TRUE,TRUE,,,,,,,,,,,,,,,,,
oversize-yun-gorunumlu-tesettur-kaban,,,,,,,,Renk,Camel,Beden,38,DIS-002-CAM-38,920,shopify,6,deny,manual,3499.00,,TRUE,TRUE,,,,,,,,,,,,,,,,,
oversize-yun-gorunumlu-tesettur-kaban,,,,,,,,Renk,Camel,Beden,40,DIS-002-CAM-40,920,shopify,6,deny,manual,3499.00,,TRUE,TRUE,,,,,,,,,,,,,,,,,
oversize-yun-gorunumlu-tesettur-kaban,,,,,,,,Renk,Camel,Beden,42,DIS-002-CAM-42,920,shopify,6,deny,manual,3499.00,,TRUE,TRUE,,,,,,,,,,,,,,,,,
oversize-yun-gorunumlu-tesettur-kaban,,,,,,,,Renk,Camel,Beden,44,DIS-002-CAM-44,920,shopify,6,deny,manual,3499.00,,TRUE,TRUE,,,,,,,,,,,,,,,,,
oversize-yun-gorunumlu-tesettur-kaban,,,,,,,,Renk,Camel,Beden,46,DIS-002-CAM-46,920,shopify,6,deny,manual,3499.00,,TRUE,TRUE,,,,,,,,,,,,,,,,,
soft-krep-tesettur-sal,Soft Krep Tesettür Şal,"<p>Krep şal kaymaz; dört renk swatch ve tek beden stok durumunu test eder.</p><h3>Ürün özellikleri</h3><ul><li>Tek beden</li><li>Soft krep</li><li>Saçaksız kenar</li><li>Hafif döküm</li><li>Ütü izi az</li></ul><p><strong>Kalıp:</strong> Tek beden</p><p><strong>Kumaş:</strong> Krep</p><p><strong>Kullanım:</strong> Günlük</p><p><strong>Kombin önerisi:</strong> Elbise, takım veya ferace ile aynı aileden bir ton seçin.</p><p><strong>Bakım:</strong> Soğuk yıkayın. Ütülemeyin; buhar yeterli.</p><p><em>Demo Modest kataloğu için hazırlanmış DEMO üründür. Gerçek stok, gerçek marka veya gerçek satış verisi değildir.</em></p>",Demo Modest,Apparel & Accessories > Clothing Accessories > Scarves & Shawls,Şal,"tesettur, sal, kadin, krep, aksesuar, yeni-sezon",TRUE,Renk,Siyah,Beden,Tek Beden,SAL-001-SIY-TEK,120,shopify,25,deny,manual,449.00,,TRUE,TRUE,,,Ekru soft krep tesettür şal,FALSE,Soft Krep Tesettür Şal | Demo Modest Katalog tesettür giyim,Kaymayan soft krep tesettür şalı dört renkte inceleyin. Demo Modest DEMO aksesuarıdır. Tema testi için hazırlanmıştır; satış verisi içermez.,active,%100 Polyester,Tek beden,75 x 185 cm,175 cm,Tek beden,Krep,Soğuk yıkayın. Ütülemeyin; buhar yeterli.,Dört mevsim,Minimal,Günlük
soft-krep-tesettur-sal,,,,,,,,Renk,Ekru,Beden,Tek Beden,SAL-001-EKR-TEK,120,shopify,25,deny,manual,449.00,,TRUE,TRUE,,,,,,,,,,,,,,,,,
soft-krep-tesettur-sal,,,,,,,,Renk,Vizon,Beden,Tek Beden,SAL-001-VIZ-TEK,120,shopify,25,deny,manual,449.00,,TRUE,TRUE,,,,,,,,,,,,,,,,,
soft-krep-tesettur-sal,,,,,,,,Renk,Pudra,Beden,Tek Beden,SAL-001-PUD-TEK,120,shopify,0,deny,manual,449.00,,TRUE,TRUE,,,,,,,,,,,,,,,,,
ince-pamuk-tesettur-esarp,İnce Pamuk Tesettür Eşarp,"<p>İnce pamuk yazın nefes alır; kare kesim bağlanmayı kolaylaştırır.</p><h3>Ürün özellikleri</h3><ul><li>Kare kesim</li><li>İnce pamuk</li><li>Hafif</li><li>Düz renk</li><li>Tek beden</li></ul><p><strong>Kalıp:</strong> Tek beden</p><p><strong>Kumaş:</strong> Pamuk</p><p><strong>Kullanım:</strong> Günlük</p><p><strong>Kombin önerisi:</strong> Tunik ve pantolon üzerine açık ton; abiye için daha koyu bir şal yeğdir.</p><p><strong>Bakım:</strong> 30 derecede yıkayın. Düşük ısıda ütüleyin.</p><p><em>Demo Modest kataloğu için hazırlanmış DEMO üründür. Gerçek stok, gerçek marka veya gerçek satış verisi değildir.</em></p>",Demo Modest,Apparel & Accessories > Clothing Accessories > Scarves & Shawls,Eşarp,"tesettur, esarp, kadin, pamuk, aksesuar, cok-satan, yaz",TRUE,Renk,Taş,Beden,Tek Beden,ESR-001-TAS-TEK,80,shopify,30,deny,manual,349.00,,TRUE,TRUE,,,Taş ince pamuk tesettür eşarp,FALSE,İnce Pamuk Tesettür Eşarp | Demo Modest Katalog tesettür giy,Yazlık ince pamuk tesettür eşarbı üç düz renkte inceleyin. DEMO aksesuardır. Görseller sonradan eklenebilir; sahte görsel adresi yoktur. İncelemeden önce beden,active,%100 Pamuk,Tek beden,100 x 100 cm,168 cm,Tek beden,Pamuk,30 derecede yıkayın. Düşük ısıda ütüleyin.,İlkbahar / Yaz,Sade,Günlük
ince-pamuk-tesettur-esarp,,,,,,,,Renk,Adaçayı,Beden,Tek Beden,ESR-001-ADA-TEK,80,shopify,30,deny,manual,349.00,,TRUE,TRUE,,,,,,,,,,,,,,,,,
ince-pamuk-tesettur-esarp,,,,,,,,Renk,Gül Kurusu,Beden,Tek Beden,ESR-001-GUL-TEK,80,shopify,30,deny,manual,349.00,,TRUE,TRUE,,,,,,,,,,,,,,,,,
minimal-dugmeli-tesettur-jile,Minimal Düğmeli Tesettür Jile,"<p>Kolsuz jile tuniğin üstüne katman ekler; düğme sırası ince tutuldu.</p><h3>Ürün özellikleri</h3><ul><li>Kolsuz</li><li>Ön düğme</li><li>Regular</li><li>Yan yırtmaç</li><li>Cepsiz sade ön</li></ul><p><strong>Kalıp:</strong> Regular</p><p><strong>Kumaş:</strong> Krep</p><p><strong>Kullanım:</strong> Günlük / Ofis</p><p><strong>Kombin önerisi:</strong> Salaş tunik ve bol paça pantolonun üstüne tek kat yeter.</p><p><strong>Bakım:</strong> Ters yıkayın. Düşük ısıda ütüleyin.</p><p><em>Demo Modest kataloğu için hazırlanmış DEMO üründür. Gerçek stok, gerçek marka veya gerçek satış verisi değildir.</em></p>",Demo Modest,Apparel & Accessories > Clothing > Outerwear,Tesettür Jile,"tesettur, jile, kadin, minimal, krep, yeni-sezon, ofis",TRUE,Renk,Siyah,Beden,S,JIL-001-SIY-S,400,shopify,11,deny,manual,1199.00,,TRUE,TRUE,,,Vizon minimal düğmeli tesettür jile,FALSE,Minimal Düğmeli Tesettür Jile | Demo Modest Katalog,Tunik üstüne giyilen düğmeli tesettür jileyi S–XL aralığında inceleyin. DEMO kayıttır. Fiyatlar DEMO birimdir; canlı pazar fiyatı değildir. İncelemeden önce,active,%97 Polyester %3 Elastan,Regular,110 cm,172 cm,M,Krep,Ters yıkayın. Düşük ısıda ütüleyin.,İlkbahar / Yaz,Minimal,Günlük / Ofis
minimal-dugmeli-tesettur-jile,,,,,,,,Renk,Siyah,Beden,M,JIL-001-SIY-M,400,shopify,11,deny,manual,1199.00,,TRUE,TRUE,,,,,,,,,,,,,,,,,
minimal-dugmeli-tesettur-jile,,,,,,,,Renk,Siyah,Beden,L,JIL-001-SIY-L,400,shopify,11,deny,manual,1199.00,,TRUE,TRUE,,,,,,,,,,,,,,,,,
minimal-dugmeli-tesettur-jile,,,,,,,,Renk,Siyah,Beden,XL,JIL-001-SIY-XL,400,shopify,11,deny,manual,1199.00,,TRUE,TRUE,,,,,,,,,,,,,,,,,
minimal-dugmeli-tesettur-jile,,,,,,,,Renk,Vizon,Beden,S,JIL-001-VIZ-S,400,shopify,11,deny,manual,1199.00,,TRUE,TRUE,,,,,,,,,,,,,,,,,
minimal-dugmeli-tesettur-jile,,,,,,,,Renk,Vizon,Beden,M,JIL-001-VIZ-M,400,shopify,11,deny,manual,1199.00,,TRUE,TRUE,,,,,,,,,,,,,,,,,
minimal-dugmeli-tesettur-jile,,,,,,,,Renk,Vizon,Beden,L,JIL-001-VIZ-L,400,shopify,11,deny,manual,1199.00,,TRUE,TRUE,,,,,,,,,,,,,,,,,
minimal-dugmeli-tesettur-jile,,,,,,,,Renk,Vizon,Beden,XL,JIL-001-VIZ-XL,400,shopify,11,deny,manual,1199.00,,TRUE,TRUE,,,,,,,,,,,,,,,,,
minimal-dugmeli-tesettur-jile,,,,,,,,Renk,Zeytin,Beden,S,JIL-001-ZEY-S,400,shopify,11,deny,manual,1199.00,,TRUE,TRUE,,,,,,,,,,,,,,,,,
minimal-dugmeli-tesettur-jile,,,,,,,,Renk,Zeytin,Beden,M,JIL-001-ZEY-M,400,shopify,11,deny,manual,1199.00,,TRUE,TRUE,,,,,,,,,,,,,,,,,
minimal-dugmeli-tesettur-jile,,,,,,,,Renk,Zeytin,Beden,L,JIL-001-ZEY-L,400,shopify,11,deny,manual,1199.00,,TRUE,TRUE,,,,,,,,,,,,,,,,,
minimal-dugmeli-tesettur-jile,,,,,,,,Renk,Zeytin,Beden,XL,JIL-001-ZEY-XL,400,shopify,11,deny,manual,1199.00,,TRUE,TRUE,,,,,,,,,,,,,,,,,
oversize-cepli-tesettur-yelek,Oversize Cepli Tesettür Yelek,"<p>Yelek jileden kısa durur; cep günlük işi çantaya taşırmaz.</p><h3>Ürün özellikleri</h3><ul><li>Oversize</li><li>İki büyük cep</li><li>Çıtçıt</li><li>Kolsuz</li><li>Kalça üzeri</li></ul><p><strong>Kalıp:</strong> Oversize</p><p><strong>Kumaş:</strong> Keten görünüm</p><p><strong>Kullanım:</strong> Günlük</p><p><strong>Kombin önerisi:</strong> Gömlek takımın üstüne veya tek tunik üzerine açık bırakın.</p><p><strong>Bakım:</strong> Askıda kurutun. Buhar verin.</p><p><em>Demo Modest kataloğu için hazırlanmış DEMO üründür. Gerçek stok, gerçek marka veya gerçek satış verisi değildir.</em></p>",Demo Modest,Apparel & Accessories > Clothing > Outerwear,Tesettür Yelek,"tesettur, yelek, kadin, oversize, keten-gorunum, indirim, yaz",TRUE,Renk,Ekru,Beden,S,YEL-001-EKR-S,380,shopify,9,deny,manual,1099.00,1399.00,TRUE,TRUE,,,Ekru oversize cepli tesettür yelek,FALSE,Oversize Cepli Tesettür Yelek | Demo Modest Katalog,Cepli oversize tesettür yeleği indirimli DEMO fiyatla inceleyin. Gerçek indirim değildir. Varyant ve rozet davranışını denemek için kurgulanmıştır.,active,%80 Polyester %20 Viskon,Oversize,78 cm,170 cm,M,Keten görünüm,Askıda kurutun. Buhar verin.,İlkbahar / Yaz,Oversize,Günlük
oversize-cepli-tesettur-yelek,,,,,,,,Renk,Ekru,Beden,M,YEL-001-EKR-M,380,shopify,9,deny,manual,1099.00,1399.00,TRUE,TRUE,,,,,,,,,,,,,,,,,
oversize-cepli-tesettur-yelek,,,,,,,,Renk,Ekru,Beden,L,YEL-001-EKR-L,380,shopify,9,deny,manual,1099.00,1399.00,TRUE,TRUE,,,,,,,,,,,,,,,,,
oversize-cepli-tesettur-yelek,,,,,,,,Renk,Ekru,Beden,XL,YEL-001-EKR-XL,380,shopify,9,deny,manual,1099.00,1399.00,TRUE,TRUE,,,,,,,,,,,,,,,,,
oversize-cepli-tesettur-yelek,,,,,,,,Renk,Ekru,Beden,XXL,YEL-001-EKR-XXL,380,shopify,9,deny,manual,1099.00,1399.00,TRUE,TRUE,,,,,,,,,,,,,,,,,
oversize-cepli-tesettur-yelek,,,,,,,,Renk,Antrasit,Beden,S,YEL-001-ANT-S,380,shopify,9,deny,manual,1099.00,1399.00,TRUE,TRUE,,,,,,,,,,,,,,,,,
oversize-cepli-tesettur-yelek,,,,,,,,Renk,Antrasit,Beden,M,YEL-001-ANT-M,380,shopify,9,deny,manual,1099.00,1399.00,TRUE,TRUE,,,,,,,,,,,,,,,,,
oversize-cepli-tesettur-yelek,,,,,,,,Renk,Antrasit,Beden,L,YEL-001-ANT-L,380,shopify,9,deny,manual,1099.00,1399.00,TRUE,TRUE,,,,,,,,,,,,,,,,,
oversize-cepli-tesettur-yelek,,,,,,,,Renk,Antrasit,Beden,XL,YEL-001-ANT-XL,380,shopify,9,deny,manual,1099.00,1399.00,TRUE,TRUE,,,,,,,,,,,,,,,,,
oversize-cepli-tesettur-yelek,,,,,,,,Renk,Antrasit,Beden,XXL,YEL-001-ANT-XXL,380,shopify,9,deny,manual,1099.00,1399.00,TRUE,TRUE,,,,,,,,,,,,,,,,,
